Time,KPI1,KPI2
2016/11/7 0:00,1011,1346
2016/11/7 1:00,724,970
2016/11/7 2:00,649,859
2016/11/7 3:00,703,933
2016/11/7 4:00,720,985
2016/11/7 5:00,724,960
2016/11/7 6:00,789,964
2016/11/7 7:00,867,1006
2016/11/7 8:00,1009,1222
2016/11/7 9:00,1090,1356
2016/11/7 10:00,1125,1441
2016/11/7 11:00,1111,1437
2016/11/7 12:00,993,1171
2016/11/7 13:00,1056,1345
2016/11/7 14:00,1062,1397
2016/11/7 15:00,1126,1338
2016/11/7 16:00,1484,1825
2016/11/7 17:00,1231,1537
2016/11/7 18:00,1167,1414
2016/11/7 19:00,1201,1477
2016/11/7 20:00,1214,1460
2016/11/7 21:00,1358,1742
2016/11/7 22:00,1241,1578
2016/11/7 23:00,1200,1458
2016/11/8 0:00,1011,1346
2016/11/8 1:00,724,970
2016/11/8 2:00,649,859
2016/11/8 3:00,703,933
2016/11/8 4:00,720,985
2016/11/8 5:00,724,960
2016/11/8 6:00,789,964
2016/11/8 7:00,867,1006
2016/11/8 8:00,1009,1222
2016/11/8 9:00,1090,1356
2016/11/8 10:00,1125,1441
2016/11/8 11:00,1111,1437
2016/11/8 12:00,993,1171
2016/11/8 13:00,1056,1345
2016/11/8 14:00,1062,1397
2016/11/8 15:00,1126,1338
2016/11/8 16:00,1484,1825
2016/11/8 17:00,1231,1537
2016/11/8 18:00,1167,1414
2016/11/8 19:00,1201,1477
2016/11/8 20:00,1214,1460
2016/11/8 21:00,1358,1742
2016/11/8 22:00,1241,1578
2016/11/8 23:00,1200,1458
2016/11/9 0:00,1011,1346
2016/11/9 1:00,724,970
2016/11/9 2:00,649,859
2016/11/9 3:00,703,933
2016/11/9 4:00,720,985
2016/11/9 5:00,724,960
2016/11/9 6:00,789,964
2016/11/9 7:00,867,1006
2016/11/9 8:00,1009,1222
2016/11/9 9:00,1090,1356
2016/11/9 10:00,1125,1441
2016/11/9 11:00,1111,1437
2016/11/9 12:00,993,1171
2016/11/9 13:00,1056,1345
2016/11/9 14:00,1062,1397
2016/11/9 15:00,1126,1338
2016/11/9 16:00,1484,1825
2016/11/9 17:00,1231,1537
2016/11/9 18:00,1167,1414
2016/11/9 19:00,1201,1477
2016/11/9 20:00,1214,1460
2016/11/9 21:00,1358,1742
2016/11/9 22:00,1241,1578
2016/11/9 23:00,1200,1458
2016/11/10 0:00,1011,1346
2016/11/10 1:00,724,970
2016/11/10 2:00,649,859
2016/11/10 3:00,703,933
2016/11/10 4:00,720,985
2016/11/10 5:00,724,960
2016/11/10 6:00,789,964
2016/11/10 7:00,867,1006
2016/11/10 8:00,1009,1222
2016/11/10 9:00,1090,1356
2016/11/10 10:00,1125,1441
2016/11/10 11:00,1111,1437
2016/11/10 12:00,993,1171
2016/11/10 13:00,1056,1345
2016/11/10 14:00,1062,1397
2016/11/10 15:00,1126,1338
2016/11/10 16:00,1484,1825
2016/11/10 17:00,1231,1537
2016/11/10 18:00,1167,1414
2016/11/10 19:00,1201,1477
2016/11/10 20:00,1214,1460
2016/11/10 21:00,1358,1742
2016/11/10 22:00,1241,1578
2016/11/10 23:00,1200,1458
2016/11/11 0:00,1011,1346
2016/11/11 1:00,724,970
2016/11/11 2:00,649,859
2016/11/11 3:00,703,933
2016/11/11 4:00,720,985
2016/11/11 5:00,724,960
2016/11/11 6:00,789,964
2016/11/11 7:00,867,1006
2016/11/11 8:00,1009,1222
2016/11/11 9:00,1090,1356
2016/11/11 10:00,1125,1441
2016/11/11 11:00,1111,1437
2016/11/11 12:00,993,1171
2016/11/11 13:00,1056,1345
2016/11/11 14:00,1062,1397
2016/11/11 15:00,1126,1338
2016/11/11 16:00,1484,1825
2016/11/11 17:00,1231,1537
2016/11/11 18:00,1167,1414
2016/11/11 19:00,1201,1477
2016/11/11 20:00,1214,1460
2016/11/11 21:00,1358,1742
2016/11/11 22:00,1241,1578
2016/11/11 23:00,1200,1458
2016/11/12 0:00,1011,1346
2016/11/12 1:00,724,970
2016/11/12 2:00,649,859
2016/11/12 3:00,703,933
2016/11/12 4:00,720,985
2016/11/12 5:00,724,960
2016/11/12 6:00,789,964
2016/11/12 7:00,867,1006
2016/11/12 8:00,1009,1222
2016/11/12 9:00,1090,1356
2016/11/12 10:00,1125,1441
2016/11/12 11:00,1111,1437
2016/11/12 12:00,993,1171
2016/11/12 13:00,1056,1345
2016/11/12 14:00,1062,1397
2016/11/12 15:00,1126,1338
2016/11/12 16:00,1484,1825
2016/11/12 17:00,1231,1537
2016/11/12 18:00,1167,1414
2016/11/12 19:00,1201,1477
2016/11/12 20:00,1214,1460
2016/11/12 21:00,1358,1742
2016/11/12 22:00,1241,1578
2016/11/12 23:00,1200,1458
2016/11/13 0:00,1011,1346
2016/11/13 1:00,724,970
2016/11/13 2:00,649,859
2016/11/13 3:00,703,933
2016/11/13 4:00,720,985
2016/11/13 5:00,724,960
2016/11/13 6:00,789,964
2016/11/13 7:00,867,1006
2016/11/13 8:00,1009,1222
2016/11/13 9:00,1090,1356
2016/11/13 10:00,1125,1441
2016/11/13 11:00,1111,1437
2016/11/13 12:00,993,1171
2016/11/13 13:00,1056,1345
2016/11/13 14:00,1062,1397
2016/11/13 15:00,1126,1338
2016/11/13 16:00,1484,1825
2016/11/13 17:00,1231,1537
2016/11/13 18:00,1167,1414
2016/11/13 19:00,1201,1477
2016/11/13 20:00,1214,1460
2016/11/13 21:00,1358,1742
2016/11/13 22:00,1241,1578
2016/11/13 23:00,1200,1458
2016/11/14 0:00,1011,1346
2016/11/14 1:00,724,970
2016/11/14 2:00,649,859
2016/11/14 3:00,703,933
2016/11/14 4:00,720,985
2016/11/14 5:00,724,960
2016/11/14 6:00,789,964
2016/11/14 7:00,867,1006
2016/11/14 8:00,1009,1222
2016/11/14 9:00,1090,1356
2016/11/14 10:00,1125,1441
2016/11/14 11:00,1111,1437
2016/11/14 12:00,993,1171
2016/11/14 13:00,1056,1345
2016/11/14 14:00,1062,1397
2016/11/14 15:00,1126,1338
2016/11/14 16:00,1484,1825
2016/11/14 17:00,1231,1537
2016/11/14 18:00,1167,1414
2016/11/14 19:00,1201,1477
2016/11/14 20:00,1214,1460
2016/11/14 21:00,1358,1742
2016/11/14 22:00,1241,1578
2016/11/14 23:00,1200,1458
2016/11/15 0:00,1011,1346
2016/11/15 1:00,724,970
2016/11/15 2:00,649,859
2016/11/15 3:00,703,933
2016/11/15 4:00,720,985
2016/11/15 5:00,724,960
2016/11/15 6:00,789,964
2016/11/15 7:00,867,1006
2016/11/15 8:00,1009,1222
2016/11/15 9:00,1090,1356
2016/11/15 10:00,1125,1441
2016/11/15 11:00,1111,1437
2016/11/15 12:00,993,1171
2016/11/15 13:00,1056,1345
2016/11/15 14:00,1062,1397
2016/11/15 15:00,1126,1338
2016/11/15 16:00,1484,1825
2016/11/15 17:00,1231,1537
2016/11/15 18:00,1167,1414
2016/11/15 19:00,1201,1477
2016/11/15 20:00,1214,1460
2016/11/15 21:00,1358,1742
2016/11/15 22:00,1241,1578
2016/11/15 23:00,1200,1458
2016/11/16 0:00,1011,1346
2016/11/16 1:00,724,970
2016/11/16 2:00,649,859
2016/11/16 3:00,703,933
2016/11/16 4:00,720,985
2016/11/16 5:00,724,960
2016/11/16 6:00,789,964
2016/11/16 7:00,867,1006
2016/11/16 8:00,1009,1222
2016/11/16 9:00,1090,1356
2016/11/16 10:00,1125,1441
2016/11/16 11:00,1111,1437
2016/11/16 12:00,993,1171
2016/11/16 13:00,1056,1345
2016/11/16 14:00,1062,1397
2016/11/16 15:00,1126,1338
2016/11/16 16:00,1484,1825
2016/11/16 17:00,1231,1537
2016/11/16 18:00,1167,1414
2016/11/16 19:00,1201,1477
2016/11/16 20:00,1214,1460
2016/11/16 21:00,1358,1742
2016/11/16 22:00,1241,1578
2016/11/16 23:00,1200,1458
2016/11/17 0:00,1011,1346
2016/11/17 1:00,724,970
2016/11/17 2:00,649,859
2016/11/17 3:00,703,933
2016/11/17 4:00,720,985
2016/11/17 5:00,724,960
2016/11/17 6:00,789,964
2016/11/17 7:00,867,1006
2016/11/17 8:00,1009,1222
2016/11/17 9:00,1090,1356
2016/11/17 10:00,1125,1441
2016/11/17 11:00,1111,1437
2016/11/17 12:00,993,1171
2016/11/17 13:00,1056,1345
2016/11/17 14:00,1062,1397
2016/11/17 15:00,1126,1338
2016/11/17 16:00,1484,1825
2016/11/17 17:00,1231,1537
2016/11/17 18:00,1167,1414
2016/11/17 19:00,1201,1477
2016/11/17 20:00,1214,1460
2016/11/17 21:00,1358,1742
2016/11/17 22:00,1241,1578
2016/11/17 23:00,1200,1458
2016/11/18 0:00,1011,1346
2016/11/18 1:00,724,970
2016/11/18 2:00,649,859
2016/11/18 3:00,703,933
2016/11/18 4:00,720,985
2016/11/18 5:00,724,960
2016/11/18 6:00,789,964
2016/11/18 7:00,867,1006
2016/11/18 8:00,1009,1222
2016/11/18 9:00,1090,1356
2016/11/18 10:00,1125,1441
2016/11/18 11:00,1111,1437
2016/11/18 12:00,993,1171
2016/11/18 13:00,1056,1345
2016/11/18 14:00,1062,1397
2016/11/18 15:00,1126,1338
2016/11/18 16:00,1484,1825
2016/11/18 17:00,1231,1537
2016/11/18 18:00,1167,1414
2016/11/18 19:00,1201,1477
2016/11/18 20:00,1214,1460
2016/11/18 21:00,1358,1742
2016/11/18 22:00,1241,1578
2016/11/18 23:00,1200,1458
2016/11/19 0:00,1011,1346
2016/11/19 1:00,724,970
2016/11/19 2:00,649,859
2016/11/19 3:00,703,933
2016/11/19 4:00,720,985
2016/11/19 5:00,724,960
2016/11/19 6:00,789,964
2016/11/19 7:00,867,1006
2016/11/19 8:00,1009,1222
2016/11/19 9:00,1090,1356
2016/11/19 10:00,1125,1441
2016/11/19 11:00,1111,1437
2016/11/19 12:00,993,1171
2016/11/19 13:00,1056,1345
2016/11/19 14:00,1062,1397
2016/11/19 15:00,1126,1338
2016/11/19 16:00,1484,1825
2016/11/19 17:00,1231,1537
2016/11/19 18:00,1167,1414
2016/11/19 19:00,1201,1477
2016/11/19 20:00,1214,1460
2016/11/19 21:00,1358,1742
2016/11/19 22:00,1241,1578
2016/11/19 23:00,1200,1458
2016/11/20 0:00,1011,1346
2016/11/20 1:00,724,970
2016/11/20 2:00,649,859
2016/11/20 3:00,703,933
2016/11/20 4:00,720,985
2016/11/20 5:00,724,960
2016/11/20 6:00,789,964
2016/11/20 7:00,867,1006
2016/11/20 8:00,1009,1222
2016/11/20 9:00,1090,1356
2016/11/20 10:00,1125,1441
2016/11/20 11:00,1111,1437
2016/11/20 12:00,993,1171
2016/11/20 13:00,1056,1345
2016/11/20 14:00,1062,1397
2016/11/20 15:00,1126,1338
2016/11/20 16:00,1484,1825
2016/11/20 17:00,1231,1537
2016/11/20 18:00,1167,1414
2016/11/20 19:00,1201,1477
2016/11/20 20:00,1214,1460
2016/11/20 21:00,1358,1742
2016/11/20 22:00,1241,1578
2016/11/20 23:00,1200,1458
2016/11/21 0:00,1011,1346
2016/11/21 1:00,724,970
2016/11/21 2:00,649,859
2016/11/21 3:00,703,933
2016/11/21 4:00,720,985
2016/11/21 5:00,724,960
2016/11/21 6:00,789,964
2016/11/21 7:00,867,1006
2016/11/21 8:00,1009,1222
2016/11/21 9:00,1090,1356
2016/11/21 10:00,1125,1441
2016/11/21 11:00,1111,1437
2016/11/21 12:00,993,1171
2016/11/21 13:00,1056,1345
2016/11/21 14:00,1062,1397
2016/11/21 15:00,1126,1338
2016/11/21 16:00,1484,1825
2016/11/21 17:00,1231,1537
2016/11/21 18:00,1167,1414
2016/11/21 19:00,1201,1477
2016/11/21 20:00,1214,1460
2016/11/21 21:00,1358,1742
2016/11/21 22:00,1241,1578
2016/11/21 23:00,1200,1458
2016/11/22 0:00,1011,1346
2016/11/22 1:00,724,970
2016/11/22 2:00,649,859
2016/11/22 3:00,703,933
2016/11/22 4:00,720,985
2016/11/22 5:00,724,960
2016/11/22 6:00,789,964
2016/11/22 7:00,867,1006
2016/11/22 8:00,1009,1222
2016/11/22 9:00,1090,1356
2016/11/22 10:00,1125,1441
2016/11/22 11:00,1111,1437
2016/11/22 12:00,993,1171
2016/11/22 13:00,1056,1345
2016/11/22 14:00,1062,1397
2016/11/22 15:00,1126,1338
2016/11/22 16:00,1484,1825
2016/11/22 17:00,1231,1537
2016/11/22 18:00,1167,1414
2016/11/22 19:00,1201,1477
2016/11/22 20:00,1214,1460
2016/11/22 21:00,1358,1742
2016/11/22 22:00,1241,1578
2016/11/22 23:00,1200,1458
2016/11/23 0:00,1011,1346
2016/11/23 1:00,724,970
2016/11/23 2:00,649,859
2016/11/23 3:00,703,933
2016/11/23 4:00,720,985
2016/11/23 5:00,724,960
2016/11/23 6:00,789,964
2016/11/23 7:00,867,1006
2016/11/23 8:00,1009,1222
2016/11/23 9:00,1090,1356
2016/11/23 10:00,1125,1441
2016/11/23 11:00,1111,1437
2016/11/23 12:00,993,1171
2016/11/23 13:00,1056,1345
2016/11/23 14:00,1062,1397
2016/11/23 15:00,1126,1338
2016/11/23 16:00,1484,1825
2016/11/23 17:00,1231,1537
2016/11/23 18:00,1167,1414
2016/11/23 19:00,1201,1477
2016/11/23 20:00,1214,1460
2016/11/23 21:00,1358,1742
2016/11/23 22:00,1241,1578
2016/11/23 23:00,1200,1458
2016/11/24 0:00,1011,1346
2016/11/24 1:00,724,970
2016/11/24 2:00,649,859
2016/11/24 3:00,703,933
2016/11/24 4:00,720,985
2016/11/24 5:00,724,960
2016/11/24 6:00,789,964
2016/11/24 7:00,867,1006
2016/11/24 8:00,1009,1222
2016/11/24 9:00,1090,1356
2016/11/24 10:00,1125,1441
2016/11/24 11:00,1111,1437
2016/11/24 12:00,993,1171
2016/11/24 13:00,1056,1345
2016/11/24 14:00,1062,1397
2016/11/24 15:00,1126,1338
2016/11/24 16:00,1484,1825
2016/11/24 17:00,1231,1537
2016/11/24 18:00,1167,1414
2016/11/24 19:00,1201,1477
2016/11/24 20:00,1214,1460
2016/11/24 21:00,1358,1742
2016/11/24 22:00,1241,1578
2016/11/24 23:00,1200,1458
2016/11/25 0:00,1011,1346
2016/11/25 1:00,724,970
2016/11/25 2:00,649,859
2016/11/25 3:00,703,933
2016/11/25 4:00,720,985
2016/11/25 5:00,724,960
2016/11/25 6:00,789,964
2016/11/25 7:00,867,1006
2016/11/25 8:00,1009,1222
2016/11/25 9:00,1090,1356
2016/11/25 10:00,1125,1441
2016/11/25 11:00,1111,1437
2016/11/25 12:00,993,1171
2016/11/25 13:00,1056,1345
2016/11/25 14:00,1062,1397
2016/11/25 15:00,1126,1338
2016/11/25 16:00,1484,1825
2016/11/25 17:00,1231,1537
2016/11/25 18:00,1167,1414
2016/11/25 19:00,1201,1477
2016/11/25 20:00,1214,1460
2016/11/25 21:00,1358,1742
2016/11/25 22:00,1241,1578
2016/11/25 23:00,1200,1458
2016/11/26 0:00,1011,1346
2016/11/26 1:00,724,970
2016/11/26 2:00,649,859
2016/11/26 3:00,703,933
2016/11/26 4:00,720,985
2016/11/26 5:00,724,960
2016/11/26 6:00,789,964
2016/11/26 7:00,867,1006
2016/11/26 8:00,1009,1222
2016/11/26 9:00,1090,1356
2016/11/26 10:00,1125,1441
2016/11/26 11:00,1111,1437
2016/11/26 12:00,993,1171
2016/11/26 13:00,1056,1345
2016/11/26 14:00,1062,1397
2016/11/26 15:00,1126,1338
2016/11/26 16:00,1484,1825
2016/11/26 17:00,1231,1537
2016/11/26 18:00,1167,1414
2016/11/26 19:00,1201,1477
2016/11/26 20:00,1214,1460
2016/11/26 21:00,1358,1742
2016/11/26 22:00,1241,1578
2016/11/26 23:00,1200,1458
2016/11/27 0:00,1011,1346
2016/11/27 1:00,724,970
2016/11/27 2:00,649,859
2016/11/27 3:00,703,933
2016/11/27 4:00,720,985
2016/11/27 5:00,724,960
2016/11/27 6:00,789,964
2016/11/27 7:00,867,1006
2016/11/27 8:00,1009,1222
2016/11/27 9:00,1090,1356
2016/11/27 10:00,1125,1441
2016/11/27 11:00,1111,1437
2016/11/27 12:00,993,1171
2016/11/27 13:00,1056,1345
2016/11/27 14:00,1062,1397
2016/11/27 15:00,1126,1338
2016/11/27 16:00,1484,1825
2016/11/27 17:00,1231,1537
2016/11/27 18:00,1167,1414
2016/11/27 19:00,1201,1477
2016/11/27 20:00,1214,1460
2016/11/27 21:00,1358,1742
2016/11/27 22:00,1241,1578
2016/11/27 23:00,1200,1458
2016/11/28 0:00,1011,1346
2016/11/28 1:00,724,970
2016/11/28 2:00,649,859
2016/11/28 3:00,703,933
2016/11/28 4:00,720,985
2016/11/28 5:00,724,960
2016/11/28 6:00,789,964
2016/11/28 7:00,867,1006
2016/11/28 8:00,1009,1222
2016/11/28 9:00,1090,1356
2016/11/28 10:00,1125,1441
2016/11/28 11:00,1111,1437
2016/11/28 12:00,993,1171
2016/11/28 13:00,1056,1345
2016/11/28 14:00,1062,1397
2016/11/28 15:00,1126,1338
2016/11/28 16:00,1484,1825
2016/11/28 17:00,1231,1537
2016/11/28 18:00,1167,1414
2016/11/28 19:00,1201,1477
2016/11/28 20:00,1214,1460
2016/11/28 21:00,1358,1742
2016/11/28 22:00,1241,1578
2016/11/28 23:00,1200,1458
2016/11/29 0:00,1011,1346
2016/11/29 1:00,724,970
2016/11/29 2:00,649,859
2016/11/29 3:00,703,933
2016/11/29 4:00,720,985
2016/11/29 5:00,724,960
2016/11/29 6:00,789,964
2016/11/29 7:00,867,1006
2016/11/29 8:00,1009,1222
2016/11/29 9:00,1090,1356
2016/11/29 10:00,1125,1441
2016/11/29 11:00,1111,1437
2016/11/29 12:00,993,1171
2016/11/29 13:00,1056,1345
2016/11/29 14:00,1062,1397
2016/11/29 15:00,1126,1338
2016/11/29 16:00,1484,1825
2016/11/29 17:00,1231,1537
2016/11/29 18:00,1167,1414
2016/11/29 19:00,1201,1477
2016/11/29 20:00,1214,1460
2016/11/29 21:00,1358,1742
2016/11/29 22:00,1241,1578
2016/11/29 23:00,1200,1458
2016/11/30 0:00,1011,1346
2016/11/30 1:00,724,970
2016/11/30 2:00,649,859
2016/11/30 3:00,703,933
2016/11/30 4:00,720,985
2016/11/30 5:00,724,960
2016/11/30 6:00,789,964
2016/11/30 7:00,867,1006
2016/11/30 8:00,1009,1222
2016/11/30 9:00,1090,1356
2016/11/30 10:00,1125,1441
2016/11/30 11:00,1111,1437
2016/11/30 12:00,993,1171
2016/11/30 13:00,1056,1345
2016/11/30 14:00,1062,1397
2016/11/30 15:00,1126,1338
2016/11/30 16:00,1484,1825
2016/11/30 17:00,1231,1537
2016/11/30 18:00,1167,1414
2016/11/30 19:00,1201,1477
2016/11/30 20:00,1214,1460
2016/11/30 21:00,1358,1742
2016/11/30 22:00,1241,1578
2016/11/30 23:00,1200,1458
2016/12/1 0:00,826,1037
2016/12/1 1:00,697,882
2016/12/1 2:00,599,783
2016/12/1 3:00,599,829
2016/12/1 4:00,591,761
2016/12/1 5:00,664,898
2016/12/1 6:00,738,949
2016/12/1 7:00,895,1126
2016/12/1 8:00,1028,1298
2016/12/1 9:00,1112,1496
2016/12/1 10:00,1013,1301
2016/12/1 11:00,1121,1544
2016/12/1 12:00,867,1085
2016/12/1 13:00,1050,1156
2016/12/1 14:00,1221,1471
2016/12/1 15:00,1344,1625
2016/12/1 16:00,1147,1367
2016/12/1 17:00,1239,1641
2016/12/1 18:00,1529,1875
2016/12/1 19:00,1815,2500
2016/12/1 20:00,1642,2303
2016/12/1 21:00,1461,1981
2016/12/1 22:00,1412,1951
2016/12/1 23:00,1107,1547
2016/12/2 0:00,938,1296
2016/12/2 1:00,614,976
2016/12/2 2:00,573,968
2016/12/2 3:00,530,870
2016/12/2 4:00,618,986
2016/12/2 5:00,716,1113
2016/12/2 6:00,894,1335
2016/12/2 7:00,820,1159
2016/12/2 8:00,993,1389
2016/12/2 9:00,1280,1886
2016/12/2 10:00,890,1062
2016/12/2 11:00,1042,1249
2016/12/2 12:00,920,1282
2016/12/2 13:00,905,1178
2016/12/2 14:00,972,1243
2016/12/2 15:00,1187,1577
2016/12/2 16:00,1187,1385
2016/12/2 17:00,1223,1453
2016/12/2 18:00,1239,1540
2016/12/2 19:00,1409,1755
2016/12/2 20:00,1357,1729
2016/12/2 21:00,1372,1866
2016/12/2 22:00,1383,1874
2016/12/2 23:00,1343,1813
2016/12/3 0:00,1137,1500
2016/12/3 1:00,893,1214
2016/12/3 2:00,777,1085
2016/12/3 3:00,751,1001
2016/12/3 4:00,760,1004
2016/12/3 5:00,753,985
2016/12/3 6:00,768,998
2016/12/3 7:00,890,1076
2016/12/3 8:00,1007,1169
2016/12/3 9:00,1240,1521
2016/12/3 10:00,1371,1747
2016/12/3 11:00,1346,1689
2016/12/3 12:00,1092,1333
2016/12/3 13:00,1211,1394
2016/12/3 14:00,1465,1816
2016/12/3 15:00,1466,1804
2016/12/3 16:00,1400,1615
2016/12/3 17:00,1259,1491
2016/12/3 18:00,1239,1518
2016/12/3 19:00,1584,1930
2016/12/3 20:00,1937,2447
2016/12/3 21:00,1588,2150
2016/12/3 22:00,1807,2413
2016/12/3 23:00,1686,2159
2016/12/4 0:00,1339,1675
2016/12/4 1:00,1043,1314
2016/12/4 2:00,750,1037
2016/12/4 3:00,751,1088
2016/12/4 4:00,763,1102
2016/12/4 5:00,789,1135
2016/12/4 6:00,942,1312
2016/12/4 7:00,1037,1350
2016/12/4 8:00,1085,1337
2016/12/4 9:00,1383,1842
2016/12/4 10:00,1283,1632
2016/12/4 11:00,1335,1757
2016/12/4 12:00,1356,1834
2016/12/4 13:00,1889,2527
2016/12/4 14:00,1984,2697
2016/12/4 15:00,1825,2462
2016/12/4 16:00,1600,2193
2016/12/4 17:00,2206,2918
2016/12/4 18:00,2137,2922
2016/12/4 19:00,2472,3257
2016/12/4 20:00,1785,2332
2016/12/4 21:00,1510,1889
2016/12/4 22:00,1509,1931
2016/12/4 23:00,1143,1581
2016/12/5 0:00,855,1202
2016/12/5 1:00,752,1073
2016/12/5 2:00,787,1091
2016/12/5 3:00,690,936
2016/12/5 4:00,737,987
2016/12/5 5:00,869,1165
2016/12/5 6:00,889,1110
2016/12/5 7:00,902,1010
2016/12/5 8:00,1028,1264
2016/12/5 9:00,1373,1811
2016/12/5 10:00,1402,1871
2016/12/5 11:00,1427,1920
2016/12/5 12:00,1125,1497
2016/12/5 13:00,992,1222
2016/12/5 14:00,1068,1362
2016/12/5 15:00,1311,1699
2016/12/5 16:00,1245,1704
2016/12/5 17:00,1496,2041
2016/12/5 18:00,1639,2139
2016/12/5 19:00,1949,2570
2016/12/5 20:00,1798,2276
2016/12/5 21:00,1766,2279
2016/12/5 22:00,1521,1932
2016/12/5 23:00,1200,1648
2016/12/6 0:00,948,1348
2016/12/6 1:00,788,1080
2016/12/6 2:00,731,1013
2016/12/6 3:00,668,926
2016/12/6 4:00,720,1036
2016/12/6 5:00,924,1234
2016/12/6 6:00,978,1193
2016/12/6 7:00,948,1164
2016/12/6 8:00,1046,1285
2016/12/6 9:00,1107,1338
2016/12/6 10:00,1113,1345
2016/12/6 11:00,1129,1378
2016/12/6 12:00,881,1031
2016/12/6 13:00,913,1087
2016/12/6 14:00,888,1116
2016/12/6 15:00,1097,1340
2016/12/6 16:00,1429,1703
2016/12/6 17:00,1480,1761
2016/12/6 18:00,1478,1703
2016/12/6 19:00,1814,2340
2016/12/6 20:00,1517,2128
2016/12/6 21:00,1522,1975
2016/12/6 22:00,1454,1918
2016/12/6 23:00,1335,1940
2016/12/7 0:00,952,1277
2016/12/7 1:00,785,1086
2016/12/7 2:00,706,965
2016/12/7 3:00,776,1037
2016/12/7 4:00,825,1147
2016/12/7 5:00,879,1119
2016/12/7 6:00,875,1071
2016/12/7 7:00,1029,1253
2016/12/7 8:00,866,1086
2016/12/7 9:00,1254,1492
2016/12/7 10:00,1330,1498
2016/12/7 11:00,1072,1286
2016/12/7 12:00,880,1151
2016/12/7 13:00,1079,1269
2016/12/7 14:00,1075,1366
2016/12/7 15:00,1035,1260
2016/12/7 16:00,1265,1577
2016/12/7 17:00,1458,1724
2016/12/7 18:00,1405,1717
2016/12/7 19:00,1673,2129
2016/12/7 20:00,1693,2107
2016/12/7 21:00,1808,2177
2016/12/7 22:00,1896,2201
2016/12/7 23:00,1413,1900
2016/12/8 0:00,1112,1626
2016/12/8 1:00,765,1032
2016/12/8 2:00,632,989
2016/12/8 3:00,678,1065
2016/12/8 4:00,697,1068
2016/12/8 5:00,779,1170
2016/12/8 6:00,919,1415
2016/12/8 7:00,829,1219
2016/12/8 8:00,899,1262
2016/12/8 9:00,1171,1586
2016/12/8 10:00,949,1355
2016/12/8 11:00,1069,1395
2016/12/8 12:00,710,954
2016/12/8 13:00,866,1200
2016/12/8 14:00,947,1276
2016/12/8 15:00,996,1273
2016/12/8 16:00,1101,1401
2016/12/8 17:00,1452,1950
2016/12/8 18:00,1374,1834
2016/12/8 19:00,1487,2049
2016/12/8 20:00,1393,1891
2016/12/8 21:00,1449,1975
2016/12/8 22:00,1302,1797
2016/12/8 23:00,849,1192
2016/12/9 0:00,864,1139
2016/12/9 1:00,840,1143
2016/12/9 2:00,743,942
2016/12/9 3:00,734,1038
2016/12/9 4:00,836,1222
2016/12/9 5:00,842,1161
2016/12/9 6:00,897,1287
2016/12/9 7:00,985,1259
2016/12/9 8:00,1057,1347
2016/12/9 9:00,1180,1585
2016/12/9 10:00,1245,1696
2016/12/9 11:00,1329,1832
2016/12/9 12:00,937,1248
2016/12/9 13:00,919,1192
2016/12/9 14:00,1010,1178
2016/12/9 15:00,1148,1467
2016/12/9 16:00,1227,1642
2016/12/9 17:00,1406,1898
2016/12/9 18:00,1702,2161
2016/12/9 19:00,1906,2516
2016/12/9 20:00,1856,2572
2016/12/9 21:00,1928,2677
2016/12/9 22:00,2009,2747
2016/12/9 23:00,1553,2194
2016/12/10 0:00,1189,1659
2016/12/10 1:00,1037,1450
2016/12/10 2:00,1031,1402
2016/12/10 3:00,1045,1419
2016/12/10 4:00,1088,1383
2016/12/10 5:00,1342,1714
2016/12/10 6:00,1412,1784
2016/12/10 7:00,1468,2005
2016/12/10 8:00,1475,1909
2016/12/10 9:00,1577,2127
2016/12/10 10:00,1450,1842
2016/12/10 11:00,1584,2004
2016/12/10 12:00,1359,1841
2016/12/10 13:00,1446,1815
2016/12/10 14:00,1901,2352
2016/12/10 15:00,1654,2041
2016/12/10 16:00,1869,2443
2016/12/10 17:00,2001,2326
2016/12/10 18:00,1925,2362
2016/12/10 19:00,2245,2909
2016/12/10 20:00,2272,2994
2016/12/10 21:00,1910,2620
2016/12/10 22:00,1908,2594
2016/12/10 23:00,1774,2305
2016/12/11 0:00,1366,1837
2016/12/11 1:00,1163,1499
2016/12/11 2:00,887,1240
2016/12/11 3:00,847,1167
2016/12/11 4:00,957,1326
2016/12/11 5:00,938,1293
2016/12/11 6:00,1127,1450
2016/12/11 7:00,1446,1827
2016/12/11 8:00,1258,1599
2016/12/11 9:00,1218,1534
2016/12/11 10:00,1279,1731
2016/12/11 11:00,1216,1592
2016/12/11 12:00,1190,1474
2016/12/11 13:00,1306,1599
2016/12/11 14:00,1322,1615
2016/12/11 15:00,1766,2282
2016/12/11 16:00,1509,1859
2016/12/11 17:00,1240,1485
2016/12/11 18:00,1328,1634
2016/12/11 19:00,1724,2345
2016/12/11 20:00,1944,2741
2016/12/11 21:00,2363,3416
2016/12/11 22:00,2157,3081
2016/12/11 23:00,1350,1880
2016/12/12 0:00,995,1389
2016/12/12 1:00,965,1251
2016/12/12 2:00,783,1071
2016/12/12 3:00,756,961
2016/12/12 4:00,769,991
2016/12/12 5:00,860,1109
2016/12/12 6:00,1023,1336
2016/12/12 7:00,774,1016
2016/12/12 8:00,829,1057
2016/12/12 9:00,1018,1326
2016/12/12 10:00,1056,1452
2016/12/12 11:00,1051,1426
2016/12/12 12:00,1053,1425
2016/12/12 13:00,1090,1405
2016/12/12 14:00,1048,1292
2016/12/12 15:00,1284,1609
2016/12/12 16:00,1248,1588
2016/12/12 17:00,1398,1793
2016/12/12 18:00,1244,1515
2016/12/12 19:00,1599,2048
2016/12/12 20:00,1642,2275
2016/12/12 21:00,1561,2008
2016/12/12 22:00,1511,2089
2016/12/12 23:00,1158,1563
2016/12/13 0:00,921,1237
2016/12/13 1:00,759,1052
2016/12/13 2:00,852,1174
2016/12/13 3:00,917,1260
2016/12/13 4:00,1063,1452
2016/12/13 5:00,1033,1413
2016/12/13 6:00,1039,1337
2016/12/13 7:00,953,1171
2016/12/13 8:00,982,1207
2016/12/13 9:00,970,1238
2016/12/13 10:00,773,963
2016/12/13 11:00,951,1120
2016/12/13 12:00,1053,1294
2016/12/13 13:00,1312,1662
2016/12/13 14:00,998,1267
2016/12/13 15:00,1171,1522
2016/12/13 16:00,1164,1575
2016/12/13 17:00,1252,1631
2016/12/13 18:00,1143,1341
2016/12/13 19:00,1401,1807
2016/12/13 20:00,1514,1773
2016/12/13 21:00,1440,1868
2016/12/13 22:00,1444,1935
2016/12/13 23:00,1223,1727
2016/12/14 0:00,970,1378
2016/12/14 1:00,809,1104
2016/12/14 2:00,834,1138
2016/12/14 3:00,799,1106
2016/12/14 4:00,788,1043
2016/12/14 5:00,766,1032
2016/12/14 6:00,905,1239
2016/12/14 7:00,836,1159
2016/12/14 8:00,888,1177
2016/12/14 9:00,1025,1277
2016/12/14 10:00,1018,1433
2016/12/14 11:00,1425,1908
2016/12/14 12:00,937,1264
2016/12/14 13:00,893,1248
2016/12/14 14:00,996,1351
2016/12/14 15:00,1080,1457
2016/12/14 16:00,1204,1583
2016/12/14 17:00,1382,1862
2016/12/14 18:00,1255,1654
2016/12/14 19:00,1336,1619
2016/12/14 20:00,1533,1928
2016/12/14 21:00,1743,2339
2016/12/14 22:00,1695,2233
2016/12/14 23:00,1251,1603
2016/12/15 0:00,924,1187
2016/12/15 1:00,785,1007
2016/12/15 2:00,748,1036
2016/12/15 3:00,787,1078
2016/12/15 4:00,857,1095
2016/12/15 5:00,910,1161
2016/12/15 6:00,896,1141
2016/12/15 7:00,862,1121
2016/12/15 8:00,1122,1405
2016/12/15 9:00,1392,1890
2016/12/15 10:00,1497,2046
2016/12/15 11:00,1542,2195
2016/12/15 12:00,1244,1709
2016/12/15 13:00,1360,1710
2016/12/15 14:00,1416,1743
2016/12/15 15:00,1541,1880
2016/12/15 16:00,1692,2056
2016/12/15 17:00,1372,1727
2016/12/15 18:00,1558,2012
2016/12/15 19:00,1540,2025
2016/12/15 20:00,1489,1870
2016/12/15 21:00,1716,2288
2016/12/15 22:00,1763,2272
2016/12/15 23:00,1244,1714
2016/12/16 0:00,1039,1347
2016/12/16 1:00,912,1220
2016/12/16 2:00,809,1117
2016/12/16 3:00,880,1158
2016/12/16 4:00,810,1080
2016/12/16 5:00,885,1192
2016/12/16 6:00,809,1032
2016/12/16 7:00,1241,1664
2016/12/16 8:00,1170,1470
2016/12/16 9:00,1116,1383
2016/12/16 10:00,1084,1277
2016/12/16 11:00,1273,1611
2016/12/16 12:00,1057,1343
2016/12/16 13:00,875,1154
2016/12/16 14:00,1217,1662
2016/12/16 15:00,1580,2068
2016/12/16 16:00,1843,2385
2016/12/16 17:00,1830,2382
2016/12/16 18:00,1500,1950
2016/12/16 19:00,1276,1648
2016/12/16 20:00,1406,1765
2016/12/16 21:00,1574,2052
2016/12/16 22:00,1630,2386
2016/12/16 23:00,1613,2262
2016/12/17 0:00,1279,1917
2016/12/17 1:00,1043,1590
2016/12/17 2:00,886,1339
2016/12/17 3:00,887,1350
2016/12/17 4:00,891,1332
2016/12/17 5:00,863,1328
2016/12/17 6:00,883,1328
2016/12/17 7:00,1052,1411
2016/12/17 8:00,1412,1843
2016/12/17 9:00,1396,1838
2016/12/17 10:00,1591,1990
2016/12/17 11:00,1237,1489
2016/12/17 12:00,1222,1331
2016/12/17 13:00,1359,1792
2016/12/17 14:00,1351,1649
2016/12/17 15:00,1198,1498
2016/12/17 16:00,1516,1899
2016/12/17 17:00,1541,2020
2016/12/17 18:00,1255,1658
2016/12/17 19:00,1721,2412
2016/12/17 20:00,1809,2790
2016/12/17 21:00,1941,2893
2016/12/17 22:00,2122,3123
2016/12/17 23:00,1462,2026
2016/12/18 0:00,1231,1853
2016/12/18 1:00,1049,1592
2016/12/18 2:00,850,1336
2016/12/18 3:00,837,1304
2016/12/18 4:00,875,1354
2016/12/18 5:00,802,1184
2016/12/18 6:00,971,1467
2016/12/18 7:00,1092,1609
2016/12/18 8:00,1336,1902
2016/12/18 9:00,1175,1723
2016/12/18 10:00,1103,1379
2016/12/18 11:00,951,1135
2016/12/18 12:00,1044,1338
2016/12/18 13:00,1078,1315
2016/12/18 14:00,1171,1576
2016/12/18 15:00,1110,1431
2016/12/18 16:00,1016,1288
2016/12/18 17:00,1420,1833
2016/12/18 18:00,1048,1450
2016/12/18 19:00,1449,2032
2016/12/18 20:00,1473,2048
2016/12/18 21:00,1745,2440
2016/12/18 22:00,1685,2153
2016/12/18 23:00,1410,1888
2016/12/19 0:00,1215,1623
2016/12/19 1:00,1003,1343
2016/12/19 2:00,802,1069
2016/12/19 3:00,952,1246
2016/12/19 4:00,848,1113
2016/12/19 5:00,801,1038
2016/12/19 6:00,1010,1279
2016/12/19 7:00,877,1115
2016/12/19 8:00,1006,1359
2016/12/19 9:00,1031,1339
2016/12/19 10:00,946,1258
2016/12/19 11:00,961,1331
2016/12/19 12:00,971,1169
2016/12/19 13:00,1160,1459
2016/12/19 14:00,1214,1561
2016/12/19 15:00,1219,1533
2016/12/19 16:00,1189,1511
2016/12/19 17:00,1438,1789
2016/12/19 18:00,1586,2069
2016/12/19 19:00,1712,2168
2016/12/19 20:00,1600,1990
2016/12/19 21:00,1559,2113
2016/12/19 22:00,1568,2189
2016/12/19 23:00,1190,1558
2016/12/20 0:00,822,1011
2016/12/20 1:00,753,1001
2016/12/20 2:00,690,926
2016/12/20 3:00,689,923
2016/12/20 4:00,752,1048
2016/12/20 5:00,727,912
2016/12/20 6:00,836,1061
2016/12/20 7:00,786,1045
2016/12/20 8:00,885,1042
2016/12/20 9:00,936,1171
2016/12/20 10:00,1108,1462
2016/12/20 11:00,994,1326
2016/12/20 12:00,1189,1465
2016/12/20 13:00,1258,1535
2016/12/20 14:00,1117,1406
2016/12/20 15:00,1130,1546
2016/12/20 16:00,1024,1382
2016/12/20 17:00,1276,1606
2016/12/20 18:00,1379,1843
2016/12/20 19:00,1920,2814
2016/12/20 20:00,1932,2771
2016/12/20 21:00,1763,2497
2016/12/20 22:00,1368,2024
2016/12/20 23:00,1016,1447
2016/12/21 0:00,908,1363
2016/12/21 1:00,631,905
2016/12/21 2:00,491,666
2016/12/21 3:00,465,615
2016/12/21 4:00,542,723
2016/12/21 5:00,692,911
2016/12/21 6:00,832,997
2016/12/21 7:00,745,921
2016/12/21 8:00,769,1001
2016/12/21 9:00,976,1229
2016/12/21 10:00,1204,1576
2016/12/21 11:00,974,1256
2016/12/21 12:00,960,1248
2016/12/21 13:00,878,1106
2016/12/21 14:00,1038,1382
2016/12/21 15:00,890,1079
2016/12/21 16:00,1052,1457
2016/12/21 17:00,1097,1620
2016/12/21 18:00,1285,1829
2016/12/21 19:00,1510,2120
2016/12/21 20:00,1786,2403
2016/12/21 21:00,1531,2117
2016/12/21 22:00,1628,2305
2016/12/21 23:00,1392,2020
2016/12/22 0:00,1038,1495
2016/12/22 1:00,940,1353
2016/12/22 2:00,760,1058
2016/12/22 3:00,715,1025
2016/12/22 4:00,605,839
2016/12/22 5:00,653,884
2016/12/22 6:00,805,1064
2016/12/22 7:00,801,1127
2016/12/22 8:00,892,1174
2016/12/22 9:00,1214,1642
2016/12/22 10:00,1002,1309
2016/12/22 11:00,938,1218
2016/12/22 12:00,955,1301
2016/12/22 13:00,923,1271
2016/12/22 14:00,1099,1532
2016/12/22 15:00,1218,1675
2016/12/22 16:00,935,1268
2016/12/22 17:00,1021,1390
2016/12/22 18:00,1259,1659
2016/12/22 19:00,1342,1871
2016/12/22 20:00,1437,1933
2016/12/22 21:00,1441,1946
2016/12/22 22:00,1205,1671
2016/12/22 23:00,1042,1509
2016/12/23 0:00,1122,1645
2016/12/23 1:00,913,1294
2016/12/23 2:00,743,1091
2016/12/23 3:00,842,1191
2016/12/23 4:00,758,1088
2016/12/23 5:00,830,1127
2016/12/23 6:00,1016,1358
2016/12/23 7:00,1072,1437
2016/12/23 8:00,1141,1545
2016/12/23 9:00,1129,1425
2016/12/23 10:00,1249,1699
2016/12/23 11:00,1169,1600
2016/12/23 12:00,904,1281
2016/12/23 13:00,1103,1367
2016/12/23 14:00,1366,1823
2016/12/23 15:00,1467,2096
2016/12/23 16:00,1301,1758
2016/12/23 17:00,1370,1805
2016/12/23 18:00,1405,1823
2016/12/23 19:00,1511,1932
2016/12/23 20:00,1605,2219
2016/12/23 21:00,1894,2677
2016/12/23 22:00,1684,2385
2016/12/23 23:00,1348,1876
2016/12/24 0:00,1217,1845
2016/12/24 1:00,1117,1572
2016/12/24 2:00,969,1500
2016/12/24 3:00,898,1389
2016/12/24 4:00,875,1285
2016/12/24 5:00,952,1458
2016/12/24 6:00,1079,1527
2016/12/24 7:00,989,1346
2016/12/24 8:00,1222,1666
2016/12/24 9:00,1211,1657
2016/12/24 10:00,1377,1865
2016/12/24 11:00,1234,1577
2016/12/24 12:00,1310,1640
2016/12/24 13:00,1536,1949
2016/12/24 14:00,1739,2102
2016/12/24 15:00,1424,1671
2016/12/24 16:00,1773,2129
2016/12/24 17:00,1485,1804
2016/12/24 18:00,1105,1442
2016/12/24 19:00,1213,1613
2016/12/24 20:00,1289,1775
2016/12/24 21:00,1503,2034
2016/12/24 22:00,1446,2005
2016/12/24 23:00,1316,1901
2016/12/25 0:00,1300,1848
2016/12/25 1:00,956,1451
2016/12/25 2:00,729,1141
2016/12/25 3:00,727,1150
2016/12/25 4:00,837,1251
2016/12/25 5:00,819,1161
2016/12/25 6:00,888,1244
2016/12/25 7:00,972,1297
2016/12/25 8:00,1137,1462
2016/12/25 9:00,1438,1907
2016/12/25 10:00,1405,1968
2016/12/25 11:00,1142,1497
2016/12/25 12:00,1069,1367
2016/12/25 13:00,1231,1779
2016/12/25 14:00,1438,2018
2016/12/25 15:00,1153,1572
2016/12/25 16:00,1409,1987
2016/12/25 17:00,1175,1503
2016/12/25 18:00,1328,1954
2016/12/25 19:00,1403,2192
2016/12/25 20:00,1552,2433
2016/12/25 21:00,1384,2105
2016/12/25 22:00,1566,2355
2016/12/25 23:00,1314,2057
2016/12/26 0:00,1223,1801
2016/12/26 1:00,1035,1579
2016/12/26 2:00,853,1270
2016/12/26 3:00,668,991
2016/12/26 4:00,710,1116
2016/12/26 5:00,719,1066
2016/12/26 6:00,935,1412
2016/12/26 7:00,991,1385
2016/12/26 8:00,1004,1324
2016/12/26 9:00,1144,1495
2016/12/26 10:00,1164,1489
2016/12/26 11:00,1200,1493
2016/12/26 12:00,1040,1268
2016/12/26 13:00,1222,1474
2016/12/26 14:00,1671,2192
2016/12/26 15:00,1635,2063
2016/12/26 16:00,1739,2329
2016/12/26 17:00,1548,1915
2016/12/26 18:00,1478,1875
2016/12/26 19:00,1693,2423
2016/12/26 20:00,1703,2439
2016/12/26 21:00,1669,2296
2016/12/26 22:00,1646,2276
2016/12/26 23:00,1418,2057
2016/12/27 0:00,1254,1790
2016/12/27 1:00,1138,1626
2016/12/27 2:00,899,1319
2016/12/27 3:00,945,1369
2016/12/27 4:00,839,1294
2016/12/27 5:00,952,1427
2016/12/27 6:00,882,1253
2016/12/27 7:00,991,1343
2016/12/27 8:00,1016,1283
2016/12/27 9:00,982,1287
2016/12/27 10:00,1029,1274
2016/12/27 11:00,1132,1577
2016/12/27 12:00,968,1279
2016/12/27 13:00,1100,1570
2016/12/27 14:00,1324,1806
2016/12/27 15:00,1309,1864
2016/12/27 16:00,1284,1768
2016/12/27 17:00,1659,2204
2016/12/27 18:00,1321,1745
2016/12/27 19:00,1462,1922
2016/12/27 20:00,1642,2321
2016/12/27 21:00,1545,2107
2016/12/27 22:00,1738,2328
2016/12/27 23:00,1427,2050
2016/12/28 0:00,1045,1542
2016/12/28 1:00,977,1430
2016/12/28 2:00,1253,1636
2016/12/28 3:00,988,1393
2016/12/28 4:00,860,1286
2016/12/28 5:00,886,1238
2016/12/28 6:00,911,1207
2016/12/28 7:00,940,1252
2016/12/28 8:00,948,1228
2016/12/28 9:00,912,1167
2016/12/28 10:00,1139,1532
2016/12/28 11:00,979,1246
2016/12/28 12:00,1085,1365
2016/12/28 13:00,989,1296
2016/12/28 14:00,1160,1523
2016/12/28 15:00,1116,1501
2016/12/28 16:00,1299,1775
2016/12/28 17:00,1363,1781
2016/12/28 18:00,1338,1714
2016/12/28 19:00,1571,2185
2016/12/28 20:00,1494,2037
2016/12/28 21:00,1445,2026
2016/12/28 22:00,1367,1816
2016/12/28 23:00,1247,1638
2016/12/29 0:00,1131,1482
2016/12/29 1:00,934,1163
2016/12/29 2:00,795,974
2016/12/29 3:00,854,1039
2016/12/29 4:00,883,1082
2016/12/29 5:00,933,1146
2016/12/29 6:00,1181,1451
2016/12/29 7:00,1151,1408
2016/12/29 8:00,1202,1524
2016/12/29 9:00,1026,1364
2016/12/29 10:00,1030,1388
2016/12/29 11:00,1081,1464
2016/12/29 12:00,902,1202
2016/12/29 13:00,877,1227
2016/12/29 14:00,917,1342
2016/12/29 15:00,1254,1942
2016/12/29 16:00,1472,2121
2016/12/29 17:00,1450,2079
2016/12/29 18:00,1230,1807
2016/12/29 19:00,1452,2031
2016/12/29 20:00,1572,2127
2016/12/29 21:00,1839,2495
2016/12/29 22:00,1611,2171
2016/12/29 23:00,1401,1957
2016/12/30 0:00,1257,1720
2016/12/30 1:00,1078,1400
2016/12/30 2:00,1089,1419
2016/12/30 3:00,1011,1333
2016/12/30 4:00,1028,1392
2016/12/30 5:00,1045,1322
2016/12/30 6:00,1133,1497
2016/12/30 7:00,1054,1379
2016/12/30 8:00,1008,1309
2016/12/30 9:00,1133,1523
2016/12/30 10:00,1125,1439
2016/12/30 11:00,1189,1630
2016/12/30 12:00,1210,1609
2016/12/30 13:00,1102,1747
2016/12/30 14:00,966,1315
2016/12/30 15:00,1296,1718
2016/12/30 16:00,1713,2255
2016/12/30 17:00,1554,2017
2016/12/30 18:00,1136,1458
2016/12/30 19:00,1639,2343
2016/12/30 20:00,1601,2162
2016/12/30 21:00,1758,2449
2016/12/30 22:00,1606,2262
2016/12/30 23:00,1272,1876
2016/12/31 0:00,1206,1692
2016/12/31 1:00,971,1385
2016/12/31 2:00,799,1109
2016/12/31 3:00,889,1293
2016/12/31 4:00,879,1227
2016/12/31 5:00,917,1246
2016/12/31 6:00,1135,1471
2016/12/31 7:00,1209,1645
2016/12/31 8:00,1378,1656
2016/12/31 9:00,1807,2302
2016/12/31 10:00,1639,2209
2016/12/31 11:00,1495,2094
2016/12/31 12:00,1224,1575
2016/12/31 13:00,1151,1432
2016/12/31 14:00,1022,1306
2016/12/31 15:00,1395,1910
2016/12/31 16:00,1447,1998
2016/12/31 17:00,1484,1992
2016/12/31 18:00,1708,2297
2016/12/31 19:00,1753,2304
2016/12/31 20:00,1539,2106
2016/12/31 21:00,1988,2723
2016/12/31 22:00,2042,2835
2016/12/31 23:00,1412,2021
2017/1/1 0:00,1287,1929
2017/1/1 1:00,1056,1623
2017/1/1 2:00,988,1498
2017/1/1 3:00,901,1368
2017/1/1 4:00,923,1389
2017/1/1 5:00,926,1433
2017/1/1 6:00,976,1485
2017/1/1 7:00,1169,1767
2017/1/1 8:00,1375,1906
2017/1/1 9:00,1210,1799
2017/1/1 10:00,1441,2023
2017/1/1 11:00,1556,2291
2017/1/1 12:00,1298,1780
2017/1/1 13:00,1229,1551
2017/1/1 14:00,1377,1829
2017/1/1 15:00,1539,2131
2017/1/1 16:00,1693,2370
2017/1/1 17:00,1636,2394
2017/1/1 18:00,1696,2455
2017/1/1 19:00,1926,2937
2017/1/1 20:00,2022,2885
2017/1/1 21:00,1699,2432
2017/1/1 22:00,1761,2481
2017/1/1 23:00,1447,2060
2017/1/2 0:00,1186,1688
2017/1/2 1:00,1013,1486
2017/1/2 2:00,1033,1536
2017/1/2 3:00,1012,1522
2017/1/2 4:00,1007,1448
2017/1/2 5:00,941,1392
2017/1/2 6:00,909,1328
2017/1/2 7:00,1121,1572
2017/1/2 8:00,954,1346
2017/1/2 9:00,873,1263
2017/1/2 10:00,1300,1759
2017/1/2 11:00,1295,1649
2017/1/2 12:00,1197,1580
2017/1/2 13:00,1318,1782
2017/1/2 14:00,1692,2201
2017/1/2 15:00,1756,2460
2017/1/2 16:00,1424,1943
2017/1/2 17:00,1390,1815
2017/1/2 18:00,1594,2153
2017/1/2 19:00,1411,1989
2017/1/2 20:00,1759,2522
2017/1/2 21:00,1507,2203
2017/1/2 22:00,1434,1984
2017/1/2 23:00,1072,1565
2017/1/3 0:00,1067,1573
2017/1/3 1:00,1029,1462
2017/1/3 2:00,1020,1474
2017/1/3 3:00,966,1429
2017/1/3 4:00,952,1342
2017/1/3 5:00,907,1335
2017/1/3 6:00,950,1330
2017/1/3 7:00,933,1259
2017/1/3 8:00,966,1191
2017/1/3 9:00,817,1040
2017/1/3 10:00,966,1346
2017/1/3 11:00,1136,1712
2017/1/3 12:00,905,1197
2017/1/3 13:00,941,1289
2017/1/3 14:00,1003,1267
2017/1/3 15:00,952,1134
2017/1/3 16:00,1210,1451
2017/1/3 17:00,1523,1905
2017/1/3 18:00,1171,1345
2017/1/3 19:00,1128,1427
2017/1/3 20:00,1408,1959
2017/1/3 21:00,1323,1910
2017/1/3 22:00,1057,1432
2017/1/3 23:00,879,1134
2017/1/4 0:00,569,793
2017/1/4 1:00,455,636
2017/1/4 2:00,482,707
2017/1/4 3:00,488,709
2017/1/4 4:00,410,581
2017/1/4 5:00,465,659
2017/1/4 6:00,670,907
2017/1/4 7:00,733,984
2017/1/4 8:00,763,1025
2017/1/4 9:00,952,1344
2017/1/4 10:00,928,1342
2017/1/4 11:00,1110,1504
2017/1/4 12:00,802,1111
2017/1/4 13:00,879,1181
2017/1/4 14:00,820,1008
2017/1/4 15:00,930,1104
2017/1/4 16:00,902,1189
2017/1/4 17:00,948,1243
2017/1/4 18:00,1091,1455
2017/1/4 19:00,1291,1772
2017/1/4 20:00,1462,2081
2017/1/4 21:00,1253,1736
2017/1/4 22:00,1241,1670
2017/1/4 23:00,998,1315
2017/1/5 0:00,943,1148
2017/1/5 1:00,684,832
2017/1/5 2:00,649,767
2017/1/5 3:00,656,817
2017/1/5 4:00,666,884
2017/1/5 5:00,649,872
2017/1/5 6:00,817,1046
2017/1/5 7:00,765,1043
2017/1/5 8:00,678,905
2017/1/5 9:00,832,1059
2017/1/5 10:00,2072,2751
2017/1/5 11:00,2184,2938
2017/1/5 12:00,2048,2651
2017/1/5 13:00,2044,2679
2017/1/5 14:00,1964,2543
2017/1/5 15:00,2187,2916
2017/1/5 16:00,2191,3047
2017/1/5 17:00,2325,3137
2017/1/5 18:00,2530,3284
2017/1/5 19:00,2672,3647
2017/1/5 20:00,2406,3365
2017/1/5 21:00,2463,3251
2017/1/5 22:00,2625,3678
2017/1/5 23:00,1242,1832
2017/1/6 0:00,792,1150
2017/1/6 1:00,746,1060
2017/1/6 2:00,663,972
2017/1/6 3:00,597,878
2017/1/6 4:00,614,929
2017/1/6 5:00,716,1128
2017/1/6 6:00,916,1378
2017/1/6 7:00,823,1059
2017/1/6 8:00,954,1363
2017/1/6 9:00,797,1110
2017/1/6 10:00,895,1292
2017/1/6 11:00,912,1251
2017/1/6 12:00,915,1195
2017/1/6 13:00,998,1302
2017/1/6 14:00,1259,1655
2017/1/6 15:00,1288,1801
2017/1/6 16:00,1304,1937
2017/1/6 17:00,1384,1960
2017/1/6 18:00,1187,1760
2017/1/6 19:00,1412,2075
2017/1/6 20:00,1469,2229
2017/1/6 21:00,1346,1949
2017/1/6 22:00,1403,1970
2017/1/6 23:00,1089,1632
2017/1/7 0:00,968,1500
2017/1/7 1:00,905,1425
2017/1/7 2:00,809,1290
2017/1/7 3:00,708,1136
2017/1/7 4:00,693,1127
2017/1/7 5:00,722,1144
2017/1/7 6:00,803,1234
2017/1/7 7:00,831,1281
2017/1/7 8:00,979,1504
2017/1/7 9:00,1346,1909
2017/1/7 10:00,1640,2352
2017/1/7 11:00,1174,1707
2017/1/7 12:00,1027,1322
2017/1/7 13:00,1185,1722
2017/1/7 14:00,1087,1498
2017/1/7 15:00,1401,1902
2017/1/7 16:00,1603,2123
2017/1/7 17:00,1763,2426
2017/1/7 18:00,1613,2362
2017/1/7 19:00,1877,2838
2017/1/7 20:00,1931,2933
2017/1/7 21:00,1964,2904
2017/1/7 22:00,1928,2938
2017/1/7 23:00,1469,2297
2017/1/8 0:00,1155,1805
2017/1/8 1:00,851,1327
2017/1/8 2:00,693,1100
2017/1/8 3:00,743,1270
2017/1/8 4:00,779,1276
2017/1/8 5:00,789,1283
2017/1/8 6:00,854,1260
2017/1/8 7:00,886,1379
2017/1/8 8:00,1041,1575
2017/1/8 9:00,1023,1354
2017/1/8 10:00,953,1170
2017/1/8 11:00,979,1208
2017/1/8 12:00,1116,1349
2017/1/8 13:00,1154,1334
2017/1/8 14:00,1175,1397
2017/1/8 15:00,1447,1942
2017/1/8 16:00,1258,1659
2017/1/8 17:00,1300,1731
2017/1/8 18:00,1377,1975
2017/1/8 19:00,1628,2258
2017/1/8 20:00,1471,2032
2017/1/8 21:00,1592,2302
2017/1/8 22:00,1658,2384
2017/1/8 23:00,1440,2107
2017/2/13 0:00,1104,1541
2017/2/13 1:00,988,1341
2017/2/13 2:00,874,1247
2017/2/13 3:00,798,1158
2017/2/13 4:00,889,1286
2017/2/13 5:00,753,1057
2017/2/13 6:00,878,1258
2017/2/13 7:00,891,1296
2017/2/13 8:00,1020,1454
2017/2/13 9:00,1238,1688
2017/2/13 10:00,1329,1647
2017/2/13 11:00,1259,1511
2017/2/13 12:00,882,1170
2017/2/13 13:00,1148,1596
2017/2/13 14:00,1000,1274
2017/2/13 15:00,786,963
2017/2/13 16:00,1102,1380
2017/2/13 17:00,1463,1948
2017/2/13 18:00,1298,1737
2017/2/13 19:00,1502,2210
2017/2/13 20:00,1653,2379
2017/2/13 21:00,1535,1992
2017/2/13 22:00,1491,1898
2017/2/13 23:00,1278,1853
2017/2/14 0:00,1208,1505
2017/2/14 1:00,1277,1627
2017/2/14 2:00,950,1282
2017/2/14 3:00,980,1348
2017/2/14 4:00,1098,1356
2017/2/14 5:00,1063,1343
2017/2/14 6:00,902,1217
2017/2/14 7:00,832,1169
2017/2/14 8:00,822,1211
2017/2/14 9:00,936,1296
2017/2/14 10:00,1044,1559
2017/2/14 11:00,942,1368
2017/2/14 12:00,783,1129
2017/2/14 13:00,827,1209
2017/2/14 14:00,1254,1681
2017/2/14 15:00,1352,1739
2017/2/14 16:00,1214,1610
2017/2/14 17:00,1150,1649
2017/2/14 18:00,1159,1634
2017/2/14 19:00,1654,2371
2017/2/14 20:00,1707,2466
2017/2/14 21:00,1778,2537
2017/2/14 22:00,1805,2497
2017/2/14 23:00,1422,2143
2017/2/15 0:00,1004,1612
2017/2/15 1:00,1006,1566
2017/2/15 2:00,983,1539
2017/2/15 3:00,899,1433
2017/2/15 4:00,868,1465
2017/2/15 5:00,888,1419
2017/2/15 6:00,1024,1566
2017/2/15 7:00,1059,1613
2017/2/15 8:00,734,1035
2017/2/15 9:00,883,1118
2017/2/15 10:00,1006,1308
2017/2/15 11:00,857,1200
2017/2/15 12:00,851,1219
2017/2/15 13:00,1121,1442
2017/2/15 14:00,1117,1310
2017/2/15 15:00,1008,1316
2017/2/15 16:00,1065,1384
2017/2/15 17:00,1207,1634
2017/2/15 18:00,1394,1878
2017/2/15 19:00,1675,2376
2017/2/15 20:00,1718,2550
2017/2/15 21:00,1853,2693
2017/2/15 22:00,1687,2660
2017/2/15 23:00,1338,2079
2017/2/16 0:00,1019,1573
2017/2/16 1:00,965,1517
2017/2/16 2:00,876,1339
2017/2/16 3:00,855,1377
2017/2/16 4:00,799,1280
2017/2/16 5:00,853,1322
2017/2/16 6:00,1010,1536
2017/2/16 7:00,815,1186
2017/2/16 8:00,839,1245
2017/2/16 9:00,913,1283
2017/2/16 10:00,939,1263
2017/2/16 11:00,850,1249
2017/2/16 12:00,957,1341
2017/2/16 13:00,1171,1594
2017/2/16 14:00,1117,1572
2017/2/16 15:00,1323,1822
2017/2/16 16:00,1206,1586
2017/2/16 17:00,1243,1638
2017/2/16 18:00,1507,2227
2017/2/16 19:00,1555,2325
2017/2/16 20:00,1488,2182
2017/2/16 21:00,1773,2473
2017/2/16 22:00,1733,2277
2017/2/16 23:00,1339,1867
2017/2/17 0:00,1096,1413
2017/2/17 1:00,827,1048
2017/2/17 2:00,694,940
2017/2/17 3:00,700,906
2017/2/17 4:00,596,751
2017/2/17 5:00,665,826
2017/2/17 6:00,832,1029
2017/2/17 7:00,929,1154
2017/2/17 8:00,929,1102
2017/2/17 9:00,1122,1376
2017/2/17 10:00,870,929
2017/2/17 11:00,993,1119
2017/2/17 12:00,980,1124
2017/2/17 13:00,989,1117
2017/2/17 14:00,1032,1082
2017/2/17 15:00,1027,1070
2017/2/17 16:00,1177,1229
2017/2/17 17:00,1153,1219
2017/2/17 18:00,1441,1632
2017/2/17 19:00,1779,2034
2017/2/17 20:00,2190,2493
2017/2/17 21:00,2234,2397
2017/2/17 22:00,2181,2460
2017/2/17 23:00,1487,1703
2017/2/18 0:00,1441,1786
2017/2/18 1:00,1137,1439
2017/2/18 2:00,1065,1307
2017/2/18 3:00,920,1154
2017/2/18 4:00,822,937
2017/2/18 5:00,904,1018
2017/2/18 6:00,1101,1251
2017/2/18 7:00,1053,1270
2017/2/18 8:00,1115,1262
2017/2/18 9:00,1181,1241
2017/2/18 10:00,1274,1337
2017/2/18 11:00,1200,1269
2017/2/18 12:00,1091,1205
2017/2/18 13:00,1081,1221
2017/2/18 14:00,1337,1500
2017/2/18 15:00,1895,2435
2017/2/18 16:00,2040,2421
2017/2/18 17:00,1669,1987
2017/2/18 18:00,1685,2005
2017/2/18 19:00,1893,2229
2017/2/18 20:00,2019,2402
2017/2/18 21:00,2370,2817
2017/2/18 22:00,1993,2154
2017/2/18 23:00,1706,1851
2017/2/19 0:00,1542,1628
2017/2/19 1:00,1047,1114
2017/2/19 2:00,1055,1212
2017/2/19 3:00,1001,1174
2017/2/19 4:00,983,1132
2017/2/19 5:00,968,1108
2017/2/19 6:00,938,1106
2017/2/19 7:00,1113,1300
2017/2/19 8:00,1324,1524
2017/2/19 9:00,1426,1653
2017/2/19 10:00,1413,1644
2017/2/19 11:00,1196,1354
2017/2/19 12:00,1199,1290
2017/2/19 13:00,1244,1376
2017/2/19 14:00,1344,1450
2017/2/19 15:00,1451,1600
2017/2/19 16:00,1653,1860
2017/2/19 17:00,1379,1463
2017/2/19 18:00,1486,1576
2017/2/19 19:00,1682,1852
2017/2/19 20:00,1716,1904
2017/2/19 21:00,1664,1904
2017/2/19 22:00,1948,2285
2017/2/19 23:00,1558,1832
2017/2/20 0:00,1167,1379
2017/2/20 1:00,1144,1340
2017/2/20 2:00,986,1103
2017/2/20 3:00,998,1162
2017/2/20 4:00,967,1100
2017/2/20 5:00,980,1075
2017/2/20 6:00,1133,1272
2017/2/20 7:00,998,1137
2017/2/20 8:00,1090,1246
2017/2/20 9:00,1322,1543
2017/2/20 10:00,1201,1374
2017/2/20 11:00,1104,1270
2017/2/20 12:00,1193,1346
2017/2/20 13:00,1504,1782
2017/2/20 14:00,1429,1595
2017/2/20 15:00,1632,1712
2017/2/20 16:00,1518,1636
2017/2/20 17:00,1314,1403
2017/2/20 18:00,1377,1521
2017/2/20 19:00,1693,1895
2017/2/20 20:00,1842,2037
2017/2/20 21:00,2169,2365
2017/2/20 22:00,1915,2075
2017/2/20 23:00,1444,1556
2017/2/21 0:00,1202,1214
2017/2/21 1:00,1177,1176
2017/2/21 2:00,1176,1188
2017/2/21 3:00,1091,1074
2017/2/21 4:00,1144,1166
2017/2/21 5:00,1203,1216
2017/2/21 6:00,1264,1307
2017/2/21 7:00,963,989
2017/2/21 8:00,1065,1193
2017/2/21 9:00,1371,1617
2017/2/21 10:00,1451,1618
2017/2/21 11:00,1382,1479
2017/2/21 12:00,1160,1225
2017/2/21 13:00,1388,1529
2017/2/21 14:00,1457,1595
2017/2/21 15:00,1338,1415
2017/2/21 16:00,1221,1387
2017/2/21 17:00,1327,1512
2017/2/21 18:00,1616,1869
2017/2/21 19:00,2010,2418
2017/2/21 20:00,1858,2149
2017/2/21 21:00,1918,2053
2017/2/21 22:00,1801,1940
2017/2/21 23:00,1346,1500
2017/2/22 0:00,1332,1391
2017/2/22 1:00,1226,1288
2017/2/22 2:00,1067,1102
2017/2/22 3:00,1142,1157
2017/2/22 4:00,963,965
2017/2/22 5:00,996,981
2017/2/22 6:00,1113,1137
2017/2/22 7:00,693,716
2017/2/22 8:00,842,1000
2017/2/22 9:00,1084,1235
2017/2/22 10:00,1333,1463
2017/2/22 11:00,1263,1315
2017/2/22 12:00,1044,1100
2017/2/22 13:00,970,1040
2017/2/22 14:00,1522,1539
2017/2/22 15:00,1880,1990
2017/2/22 16:00,1788,2008
2017/2/22 17:00,1691,1851
2017/2/22 18:00,1315,1371
2017/2/22 19:00,1549,1748
2017/2/22 20:00,1743,1982
2017/2/22 21:00,1870,2039
2017/2/22 22:00,1782,1820
2017/2/22 23:00,1408,1438
2017/2/23 0:00,1108,1121
2017/2/23 1:00,801,816
2017/2/23 2:00,817,820
2017/2/23 3:00,848,851
2017/2/23 4:00,869,867
2017/2/23 5:00,794,772
2017/2/23 6:00,1034,996
2017/2/23 7:00,843,893
2017/2/23 8:00,973,1185
2017/2/23 9:00,1086,1298
2017/2/23 10:00,1143,1331
2017/2/23 11:00,1353,1410
2017/2/23 12:00,1227,1291
2017/2/23 13:00,1258,1371
2017/2/23 14:00,1149,1143
2017/2/23 15:00,1238,1335
2017/2/23 16:00,1355,1440
2017/2/23 17:00,975,1008
2017/2/23 18:00,1375,1554
2017/2/23 19:00,1826,2103
2017/2/23 20:00,1900,2164
2017/2/23 21:00,2318,2718
2017/2/23 22:00,1943,2185
2017/2/23 23:00,1558,1735
2017/2/24 0:00,1421,1534
2017/2/24 1:00,1009,1077
2017/2/24 2:00,1106,1137
2017/2/24 3:00,933,999
2017/2/24 4:00,933,1017
2017/2/24 5:00,924,1011
2017/2/24 6:00,1117,1231
2017/2/24 7:00,849,957
2017/2/24 8:00,863,940
2017/2/24 9:00,1060,1127
2017/2/24 10:00,1041,1135
2017/2/24 11:00,862,818
2017/2/24 12:00,1093,1199
2017/2/24 13:00,1284,1424
2017/2/24 14:00,1541,1778
2017/2/24 15:00,1453,1641
2017/2/24 16:00,1581,1794
2017/2/24 17:00,1417,1657
2017/2/24 18:00,1440,1594
2017/2/24 19:00,1680,1827
2017/2/24 20:00,1742,1881
2017/2/24 21:00,1886,2064
2017/2/24 22:00,1818,2145
2017/2/24 23:00,1665,1944
2017/2/25 0:00,1254,1379
2017/2/25 1:00,1054,1040
2017/2/25 2:00,1032,994
2017/2/25 3:00,1072,1033
2017/2/25 4:00,998,973
2017/2/25 5:00,916,869
2017/2/25 6:00,878,862
2017/2/25 7:00,997,1014
2017/2/25 8:00,1944,2032
2017/2/25 9:00,2724,3018
2017/2/25 10:00,2760,3167
2017/2/25 11:00,2781,3095
2017/2/25 12:00,2235,2545
2017/2/25 13:00,2493,2787
2017/2/25 14:00,2484,2702
2017/2/25 15:00,2233,2450
2017/2/25 16:00,2280,2603
2017/2/25 17:00,2150,2380
2017/2/25 18:00,2381,2672
2017/2/25 19:00,2322,2548
2017/2/25 20:00,2189,2303
2017/2/25 21:00,2289,2354
2017/2/25 22:00,2621,2901
2017/2/25 23:00,1866,1926
2017/2/26 0:00,1418,1422
2017/2/26 1:00,1384,1410
2017/2/26 2:00,1344,1377
2017/2/26 3:00,1138,1140
2017/2/26 4:00,1045,1024
2017/2/26 5:00,1104,1092
2017/2/26 6:00,1225,1254
2017/2/26 7:00,1116,1178
2017/2/26 8:00,1367,1453
2017/2/26 9:00,1497,1639
2017/2/26 10:00,1219,1281
2017/2/26 11:00,1331,1485
2017/2/26 12:00,1213,1359
2017/2/26 13:00,1256,1341
2017/2/26 14:00,1377,1433
2017/2/26 15:00,1387,1485
2017/2/26 16:00,1449,1516
2017/2/26 17:00,1336,1370
2017/2/26 18:00,1263,1351
2017/2/26 19:00,1442,1597
2017/2/26 20:00,1422,1477
2017/2/26 21:00,1441,1473
2017/2/26 22:00,1347,1525
2017/2/26 23:00,981,1071
2017/2/27 0:00,778,819
2017/2/27 1:00,658,673
2017/2/27 2:00,650,636
2017/2/27 3:00,701,675
2017/2/27 4:00,692,724
2017/2/27 5:00,806,815
2017/2/27 6:00,864,876
2017/2/27 7:00,660,682
2017/2/27 8:00,964,1066
2017/2/27 9:00,1068,1089
2017/2/27 10:00,984,1039
2017/2/27 11:00,967,1073
2017/2/27 12:00,738,825
2017/2/27 13:00,1168,1275
2017/2/27 14:00,1462,1699
2017/2/27 15:00,1173,1385
2017/2/27 16:00,1159,1279
2017/2/27 17:00,1265,1425
2017/2/27 18:00,1514,1799
2017/2/27 19:00,1573,1724
2017/2/27 20:00,1767,2035
2017/2/27 21:00,1723,1897
2017/2/27 22:00,1487,1686
2017/2/27 23:00,1182,1277
2017/2/28 0:00,964,1109
2017/2/28 1:00,831,814
2017/2/28 2:00,732,749
2017/2/28 3:00,823,824
2017/2/28 4:00,764,774
2017/2/28 5:00,869,879
2017/2/28 6:00,789,848
2017/2/28 7:00,848,914
2017/2/28 8:00,772,903
2017/2/28 9:00,1138,1318
2017/2/28 10:00,1130,1254
2017/2/28 11:00,1180,1339
2017/2/28 12:00,1130,1228
2017/2/28 13:00,1660,1829
2017/2/28 14:00,1803,2065
2017/2/28 15:00,1718,1836
2017/2/28 16:00,1652,1813
2017/2/28 17:00,1473,1692
2017/2/28 18:00,1357,1549
2017/2/28 19:00,1894,2144
2017/2/28 20:00,1896,2003
2017/2/28 21:00,1749,1865
2017/2/28 22:00,1552,1652
2017/2/28 23:00,1133,1208
2017/3/1 0:00,865,886
2017/3/1 1:00,781,780
2017/3/1 2:00,703,715
2017/3/1 3:00,799,804
2017/3/1 4:00,692,694
2017/3/1 5:00,746,750
2017/3/1 6:00,835,896
2017/3/1 7:00,910,1029
2017/3/1 8:00,1050,1230
2017/3/1 9:00,1373,1537
2017/3/1 10:00,1416,1690
2017/3/1 11:00,987,1125
2017/3/1 12:00,806,913
2017/3/1 13:00,960,1134
2017/3/1 14:00,898,902
2017/3/1 15:00,965,1100
2017/3/1 16:00,1115,1400
2017/3/1 17:00,1118,1339
2017/3/1 18:00,978,1049
2017/3/1 19:00,1159,1212
2017/3/1 20:00,1494,1677
2017/3/1 21:00,1856,2056
2017/3/1 22:00,1727,2006
2017/3/1 23:00,1370,1460
2017/3/2 0:00,977,1032
2017/3/2 1:00,748,779
2017/3/2 2:00,761,754
2017/3/2 3:00,693,694
2017/3/2 4:00,745,802
2017/3/2 5:00,859,883
2017/3/2 6:00,1030,1127
2017/3/2 7:00,1028,1117
2017/3/2 8:00,906,923
2017/3/2 9:00,1004,1033
2017/3/2 10:00,980,1029
2017/3/2 11:00,1199,1248
2017/3/2 12:00,1019,1057
2017/3/2 13:00,1164,1204
2017/3/2 14:00,1231,1414
2017/3/2 15:00,1048,1099
2017/3/2 16:00,1277,1353
2017/3/2 17:00,1341,1466
2017/3/2 18:00,1184,1257
2017/3/2 19:00,1586,1813
2017/3/2 20:00,1696,1883
2017/3/2 21:00,1700,1901
2017/3/2 22:00,1388,1572
2017/3/2 23:00,1044,1123
2017/3/3 0:00,824,872
2017/3/3 1:00,693,718
2017/3/3 2:00,688,740
2017/3/3 3:00,719,764
2017/3/3 4:00,783,884
2017/3/3 5:00,827,835
2017/3/3 6:00,830,872
2017/3/3 7:00,855,939
2017/3/3 8:00,816,850
2017/3/3 9:00,832,864
2017/3/3 10:00,517,445
2017/3/3 11:00,769,819
2017/3/3 12:00,748,837
2017/3/3 13:00,896,1015
2017/3/3 14:00,797,839
2017/3/3 15:00,1081,1169
2017/3/3 16:00,1199,1309
2017/3/3 17:00,1411,1525
2017/3/3 18:00,1371,1522
2017/3/3 19:00,1700,1823
2017/3/3 20:00,1554,1710
2017/3/3 21:00,1586,1735
2017/3/3 22:00,1650,1793
2017/3/3 23:00,1347,1490
2017/3/4 0:00,1055,1114
2017/3/4 1:00,1052,1102
2017/3/4 2:00,801,819
2017/3/4 3:00,780,821
2017/3/4 4:00,752,786
2017/3/4 5:00,741,755
2017/3/4 6:00,820,882
2017/3/4 7:00,907,1000
2017/3/4 8:00,1397,1539
2017/3/4 9:00,2124,2446
2017/3/4 10:00,2223,2417
2017/3/4 11:00,2183,2358
2017/3/4 12:00,1728,1852
2017/3/4 13:00,2103,2340
2017/3/4 14:00,2530,2698
2017/3/4 15:00,2210,2392
2017/3/4 16:00,2167,2334
2017/3/4 17:00,2178,2452
2017/3/4 18:00,1842,2014
2017/3/4 19:00,2479,2707
2017/3/4 20:00,2433,2649
2017/3/4 21:00,2109,2294
2017/3/4 22:00,1657,1763
2017/3/4 23:00,1543,1684
2017/3/5 0:00,1311,1464
2017/3/5 1:00,1110,1214
2017/3/5 2:00,859,902
2017/3/5 3:00,761,817
2017/3/5 4:00,878,938
2017/3/5 5:00,850,913
2017/3/5 6:00,958,978
2017/3/5 7:00,1124,1150
2017/3/5 8:00,1039,1114
2017/3/5 9:00,1060,1054
2017/3/5 10:00,1138,1214
2017/3/5 11:00,1383,1514
2017/3/5 12:00,1156,1214
2017/3/5 13:00,1090,1100
2017/3/5 14:00,1271,1431
2017/3/5 15:00,1315,1516
2017/3/5 16:00,1490,1691
2017/3/5 17:00,1323,1497
2017/3/5 18:00,1007,1157
2017/3/5 19:00,1159,1344
2017/3/5 20:00,1460,1752
2017/3/5 21:00,1586,1800
2017/3/5 22:00,1649,1910
2017/3/5 23:00,1311,1606
2017/3/6 0:00,935,1070
2017/3/6 1:00,813,877
2017/3/6 2:00,698,715
2017/3/6 3:00,706,671
2017/3/6 4:00,754,747
2017/3/6 5:00,746,731
2017/3/6 6:00,920,985
2017/3/6 7:00,919,987
2017/3/6 8:00,882,1093
2017/3/6 9:00,897,1112
2017/3/6 10:00,922,1145
2017/3/6 11:00,1071,1371
2017/3/6 12:00,1174,1366
2017/3/6 13:00,1090,1326
2017/3/6 14:00,1366,1619
2017/3/6 15:00,1275,1531
2017/3/6 16:00,1428,1639
2017/3/6 17:00,1356,1514
2017/3/6 18:00,1462,1624
2017/3/6 19:00,1490,1643
2017/3/6 20:00,1617,1790
2017/3/6 21:00,1742,1966
2017/3/6 22:00,1730,2009
2017/3/6 23:00,1634,1887
2017/3/7 0:00,1291,1480
2017/3/7 1:00,1095,1206
2017/3/7 2:00,839,930
2017/3/7 3:00,878,936
2017/3/7 4:00,800,861
2017/3/7 5:00,759,780
2017/3/7 6:00,896,957
2017/3/7 7:00,994,1174
2017/3/7 8:00,1055,1192
2017/3/7 9:00,1086,1282
2017/3/7 10:00,1259,1521
2017/3/7 11:00,1053,1146
2017/3/7 12:00,993,1101
2017/3/7 13:00,1189,1418
2017/3/7 14:00,1440,1586
2017/3/7 15:00,1543,1771
2017/3/7 16:00,1501,1752
2017/3/7 17:00,1467,1667
2017/3/7 18:00,1565,1792
2017/3/7 19:00,1459,1826
2017/3/7 20:00,1450,1670
2017/3/7 21:00,1648,1849
2017/3/7 22:00,1819,1927
2017/3/7 23:00,1357,1472
2017/3/8 0:00,1108,1147
2017/3/8 1:00,1032,1042
2017/3/8 2:00,1042,1035
2017/3/8 3:00,1049,1032
2017/3/8 4:00,986,975
2017/3/8 5:00,1044,1023
2017/3/8 6:00,1201,1204
2017/3/8 7:00,1055,1195
2017/3/8 8:00,858,848
2017/3/8 9:00,1013,1138
2017/3/8 10:00,1029,1220
2017/3/8 11:00,919,1051
2017/3/8 12:00,1014,994
2017/3/8 13:00,1320,1434
2017/3/8 14:00,1489,1624
2017/3/8 15:00,1684,1812
2017/3/8 16:00,1568,1799
2017/3/8 17:00,1509,1662
2017/3/8 18:00,1404,1489
2017/3/8 19:00,1186,1263
2017/3/8 20:00,1332,1465
2017/3/8 21:00,1423,1626
2017/3/8 22:00,1609,2026
2017/3/8 23:00,1618,1907
2017/3/9 0:00,1099,1225
2017/3/9 1:00,966,1008
2017/3/9 2:00,866,849
2017/3/9 3:00,790,785
2017/3/9 4:00,710,715
2017/3/9 5:00,692,704
2017/3/9 6:00,842,903
2017/3/9 7:00,849,891
2017/3/9 8:00,939,1038
2017/3/9 9:00,904,1142
2017/3/9 10:00,963,1177
2017/3/9 11:00,978,1075
2017/3/9 12:00,815,814
2017/3/9 13:00,1107,1225
2017/3/9 14:00,1267,1425
2017/3/9 15:00,1548,1788
2017/3/9 16:00,1345,1564
2017/3/9 17:00,1222,1510
2017/3/9 18:00,1281,1552
2017/3/9 19:00,1523,1825
2017/3/9 20:00,1581,1816
2017/3/9 21:00,1882,2275
2017/3/9 22:00,1940,2269
2017/3/9 23:00,1365,1603
2017/3/10 0:00,964,1026
2017/3/10 1:00,824,914
2017/3/10 2:00,691,701
2017/3/10 3:00,616,582
2017/3/10 4:00,623,617
2017/3/10 5:00,619,595
2017/3/10 6:00,805,824
2017/3/10 7:00,771,827
2017/3/10 8:00,804,907
2017/3/10 9:00,1001,1205
2017/3/10 10:00,1259,1431
2017/3/10 11:00,1195,1354
2017/3/10 12:00,830,856
2017/3/10 13:00,1233,1391
2017/3/10 14:00,1419,1501
2017/3/10 15:00,1479,1577
2017/3/10 16:00,1503,1652
2017/3/10 17:00,1740,1902
2017/3/10 18:00,1564,1768
2017/3/10 19:00,1693,1838
2017/3/10 20:00,1782,1933
2017/3/10 21:00,1571,1766
2017/3/10 22:00,1569,1795
2017/3/10 23:00,1159,1336
2017/3/11 0:00,1055,1185
2017/3/11 1:00,841,897
2017/3/11 2:00,805,843
2017/3/11 3:00,777,829
2017/3/11 4:00,714,761
2017/3/11 5:00,750,784
2017/3/11 6:00,861,962
2017/3/11 7:00,1003,1132
2017/3/11 8:00,1249,1305
2017/3/11 9:00,1266,1462
2017/3/11 10:00,1581,1862
2017/3/11 11:00,1552,1771
2017/3/11 12:00,1329,1591
2017/3/11 13:00,1579,1880
2017/3/11 14:00,1624,1821
2017/3/11 15:00,1634,1880
2017/3/11 16:00,1570,1770
2017/3/11 17:00,1638,1841
2017/3/11 18:00,1615,1882
2017/3/11 19:00,1366,1471
2017/3/11 20:00,1432,1600
2017/3/11 21:00,1624,1869
2017/3/11 22:00,1452,1669
2017/3/11 23:00,1107,1305
2017/3/12 0:00,878,924
2017/3/12 1:00,774,811
2017/3/12 2:00,683,698
2017/3/12 3:00,634,639
2017/3/12 4:00,688,665
2017/3/12 5:00,635,622
2017/3/12 6:00,713,751
2017/3/12 7:00,920,1044
2017/3/12 8:00,1023,1150
2017/3/12 9:00,1085,1194
2017/3/12 10:00,1045,1080
2017/3/12 11:00,1420,1530
2017/3/12 12:00,1112,1189
2017/3/12 13:00,1836,1994
2017/3/12 14:00,1963,2205
2017/3/12 15:00,2069,2296
2017/3/12 16:00,1625,1867
2017/3/12 17:00,1638,1841
2017/3/12 18:00,1615,1882
2017/3/12 19:00,1366,1471
2017/3/12 20:00,624,713
2017/3/12 21:00,1910,2240
2017/3/12 22:00,1699,2048
2017/3/12 23:00,1518,2210
2017/4/10 0:00,1032,1193
2017/4/10 1:00,877,990
2017/4/10 2:00,975,1091
2017/4/10 3:00,943,1048
2017/4/10 4:00,982,1076
2017/4/10 5:00,1041,1111
2017/4/10 6:00,1031,1082
2017/4/10 7:00,820,922
2017/4/10 8:00,691,824
2017/4/10 9:00,983,1309
2017/4/10 10:00,938,1144
2017/4/10 11:00,732,913
2017/4/10 12:00,795,1014
2017/4/10 13:00,729,922
2017/4/10 14:00,713,928
2017/4/10 15:00,811,997
2017/4/10 16:00,789,982
2017/4/10 17:00,978,1134
2017/4/10 18:00,915,1102
2017/4/10 19:00,1175,1498
2017/4/10 20:00,1250,1514
2017/4/10 21:00,1514,1874
2017/4/10 22:00,1514,1829
2017/4/10 23:00,1293,1524
2017/4/11 0:00,1057,1177
2017/4/11 1:00,968,1059
2017/4/11 2:00,763,835
2017/4/11 3:00,641,652
2017/4/11 4:00,734,734
2017/4/11 5:00,599,624
2017/4/11 6:00,705,751
2017/4/11 7:00,779,910
2017/4/11 8:00,865,1092
2017/4/11 9:00,1031,1265
2017/4/11 10:00,809,1121
2017/4/11 11:00,725,899
2017/4/11 12:00,825,945
2017/4/11 13:00,880,1128
2017/4/11 14:00,933,1247
2017/4/11 15:00,933,1231
2017/4/11 16:00,901,1186
2017/4/11 17:00,1228,1591
2017/4/11 18:00,1102,1452
2017/4/11 19:00,1238,1627
2017/4/11 20:00,1193,1476
2017/4/11 21:00,1454,1810
2017/4/11 22:00,1300,1696
2017/4/11 23:00,1159,1454
2017/4/12 0:00,883,1032
2017/4/12 1:00,759,917
2017/4/12 2:00,704,847
2017/4/12 3:00,680,819
2017/4/12 4:00,698,834
2017/4/12 5:00,651,769
2017/4/12 6:00,938,1138
2017/4/12 7:00,968,1189
2017/4/12 8:00,685,886
2017/4/12 9:00,737,883
2017/4/12 10:00,615,713
2017/4/12 11:00,619,783
2017/4/12 12:00,356,512
2017/4/12 13:00,452,587
2017/4/12 14:00,691,850
2017/4/12 15:00,649,853
2017/4/12 16:00,819,1010
2017/4/12 17:00,952,1274
2017/4/12 18:00,956,1323
2017/4/12 19:00,977,1214
2017/4/12 20:00,1050,1271
2017/4/12 21:00,1241,1529
2017/4/12 22:00,1370,1597
2017/4/12 23:00,1191,1508
2017/4/13 0:00,878,1031
2017/4/13 1:00,739,790
2017/4/13 2:00,740,798
2017/4/13 3:00,655,670
2017/4/13 4:00,609,617
2017/4/13 5:00,551,542
2017/4/13 6:00,776,857
2017/4/13 7:00,675,908
2017/4/13 8:00,686,804
2017/4/13 9:00,903,1051
2017/4/13 10:00,900,1145
2017/4/13 11:00,865,1157
2017/4/13 12:00,946,1117
2017/4/13 13:00,1179,1424
2017/4/13 14:00,980,1210
2017/4/13 15:00,1105,1418
2017/4/13 16:00,1047,1342
2017/4/13 17:00,1176,1430
2017/4/13 18:00,1211,1439
2017/4/13 19:00,1288,1609
2017/4/13 20:00,1292,1648
2017/4/13 21:00,1275,1435
2017/4/13 22:00,1322,1617
2017/4/13 23:00,1086,1298
2017/4/14 0:00,893,997
2017/4/14 1:00,860,916
2017/4/14 2:00,867,924
2017/4/14 3:00,868,910
2017/4/14 4:00,853,909
2017/4/14 5:00,821,869
2017/4/14 6:00,972,1105
2017/4/14 7:00,909,1097
2017/4/14 8:00,858,1062
2017/4/14 9:00,915,1142
2017/4/14 10:00,922,1146
2017/4/14 11:00,901,1077
2017/4/14 12:00,949,1166
2017/4/14 13:00,870,1009
2017/4/14 14:00,1078,1277
2017/4/14 15:00,987,1256
2017/4/14 16:00,1288,1596
2017/4/14 17:00,1589,1910
2017/4/14 18:00,1328,1655
2017/4/14 19:00,1384,1748
2017/4/14 20:00,1622,2023
2017/4/14 21:00,1557,1988
2017/4/14 22:00,1657,2114
2017/4/14 23:00,1285,1573
2017/4/15 0:00,856,1024
2017/4/15 1:00,751,912
2017/4/15 2:00,772,922
2017/4/15 3:00,809,971
2017/4/15 4:00,813,965
2017/4/15 5:00,764,900
2017/4/15 6:00,865,1017
2017/4/15 7:00,1106,1341
2017/4/15 8:00,993,1201
2017/4/15 9:00,1273,1663
2017/4/15 10:00,946,1183
2017/4/15 11:00,1026,1351
2017/4/15 12:00,928,1237
2017/4/15 13:00,892,1179
2017/4/15 14:00,1071,1354
2017/4/15 15:00,1380,1733
2017/4/15 16:00,1313,1649
2017/4/15 17:00,1319,1677
2017/4/15 18:00,1408,1756
2017/4/15 19:00,1077,1334
2017/4/15 20:00,1207,1540
2017/4/15 21:00,1387,1695
2017/4/15 22:00,1314,1567
2017/4/15 23:00,1153,1377
2017/4/16 0:00,1009,1181
2017/4/16 1:00,834,890
2017/4/16 2:00,727,778
2017/4/16 3:00,761,843
2017/4/16 4:00,691,735
2017/4/16 5:00,654,679
2017/4/16 6:00,724,802
2017/4/16 7:00,867,1053
2017/4/16 8:00,1122,1468
2017/4/16 9:00,959,1309
2017/4/16 10:00,1019,1335
2017/4/16 11:00,1023,1396
2017/4/16 12:00,873,1142
2017/4/16 13:00,841,1070
2017/4/16 14:00,1106,1466
2017/4/16 15:00,1193,1548
2017/4/16 16:00,1240,1674
2017/4/16 17:00,1555,1981
2017/4/16 18:00,1252,1541
2017/4/16 19:00,1188,1466
2017/4/16 20:00,1265,1461
2017/4/16 21:00,1334,1547
2017/4/16 22:00,1120,1274
2017/4/16 23:00,1048,1271
2017/4/17 0:00,825,1009
2017/4/17 1:00,640,761
2017/4/17 2:00,581,654
2017/4/17 3:00,455,495
2017/4/17 4:00,487,568
2017/4/17 5:00,577,704
2017/4/17 6:00,706,896
2017/4/17 7:00,852,1040
2017/4/17 8:00,833,1068
2017/4/17 9:00,939,1178
2017/4/17 10:00,889,1149
2017/4/17 11:00,812,1110
2017/4/17 12:00,821,1027
2017/4/17 13:00,928,1282
2017/4/17 14:00,905,1291
2017/4/17 15:00,887,1194
2017/4/17 16:00,884,1100
2017/4/17 17:00,934,1172
2017/4/17 18:00,1171,1423
2017/4/17 19:00,1267,1575
2017/4/17 20:00,1298,1572
2017/4/17 21:00,1624,1940
2017/4/17 22:00,1710,2081
2017/4/17 23:00,1360,1655
2017/4/18 0:00,1098,1224
2017/4/18 1:00,754,839
2017/4/18 2:00,696,784
2017/4/18 3:00,674,727
2017/4/18 4:00,661,724
2017/4/18 5:00,737,832
2017/4/18 6:00,865,1016
2017/4/18 7:00,777,974
2017/4/18 8:00,767,981
2017/4/18 9:00,1096,1350
2017/4/18 10:00,912,1195
2017/4/18 11:00,874,1152
2017/4/18 12:00,696,883
2017/4/18 13:00,832,1084
2017/4/18 14:00,833,1138
2017/4/18 15:00,845,1160
2017/4/18 16:00,804,1105
2017/4/18 17:00,1022,1329
2017/4/18 18:00,1085,1499
2017/4/18 19:00,1096,1487
2017/4/18 20:00,1141,1675
2017/4/18 21:00,1502,1970
2017/4/18 22:00,1571,2081
2017/4/18 23:00,1233,1626
2017/4/19 0:00,841,1009
2017/4/19 1:00,842,969
2017/4/19 2:00,705,845
2017/4/19 3:00,719,843
2017/4/19 4:00,654,755
2017/4/19 5:00,742,859
2017/4/19 6:00,966,1177
2017/4/19 7:00,777,990
2017/4/19 8:00,805,1053
2017/4/19 9:00,1141,1524
2017/4/19 10:00,1003,1376
2017/4/19 11:00,963,1266
2017/4/19 12:00,748,926
2017/4/19 13:00,938,1286
2017/4/19 14:00,1147,1600
2017/4/19 15:00,1225,1648
2017/4/19 16:00,1187,1517
2017/4/19 17:00,1278,1694
2017/4/19 18:00,1141,1438
2017/4/19 19:00,1059,1288
2017/4/19 20:00,1260,1537
2017/4/19 21:00,1428,1748
2017/4/19 22:00,1686,2020
2017/4/19 23:00,1200,1415
2017/4/20 0:00,873,1023
2017/4/20 1:00,881,1087
2017/4/20 2:00,804,936
2017/4/20 3:00,642,692
2017/4/20 4:00,599,674
2017/4/20 5:00,632,687
2017/4/20 6:00,822,974
2017/4/20 7:00,718,899
2017/4/20 8:00,918,1215
2017/4/20 9:00,779,954
2017/4/20 10:00,626,827
2017/4/20 11:00,729,956
2017/4/20 12:00,704,825
2017/4/20 13:00,820,1063
2017/4/20 14:00,707,908
2017/4/20 15:00,925,1200
2017/4/20 16:00,995,1344
2017/4/20 17:00,1240,1668
2017/4/20 18:00,1143,1454
2017/4/20 19:00,1367,1748
2017/4/20 20:00,1683,2125
2017/4/20 21:00,1453,1853
2017/4/20 22:00,1425,1683
2017/4/20 23:00,1064,1286
2017/4/21 0:00,839,945
2017/4/21 1:00,797,887
2017/4/21 2:00,748,823
2017/4/21 3:00,667,709
2017/4/21 4:00,666,721
2017/4/21 5:00,701,764
2017/4/21 6:00,745,871
2017/4/21 7:00,724,912
2017/4/21 8:00,766,991
2017/4/21 9:00,997,1257
2017/4/21 10:00,1029,1298
2017/4/21 11:00,852,1037
2017/4/21 12:00,911,1140
2017/4/21 13:00,816,968
2017/4/21 14:00,929,1073
2017/4/21 15:00,966,1203
2017/4/21 16:00,1083,1431
2017/4/21 17:00,1209,1538
2017/4/21 18:00,1529,1919
2017/4/21 19:00,2020,2573
2017/4/21 20:00,2006,2565
2017/4/21 21:00,1782,2298
2017/4/21 22:00,1874,2400
2017/4/21 23:00,1495,1940
2017/4/22 0:00,952,1155
2017/4/22 1:00,889,1011
2017/4/22 2:00,728,798
2017/4/22 3:00,734,797
2017/4/22 4:00,693,750
2017/4/22 5:00,734,820
2017/4/22 6:00,936,1147
2017/4/22 7:00,990,1225
2017/4/22 8:00,1056,1334
2017/4/22 9:00,1132,1442
2017/4/22 10:00,1074,1301
2017/4/22 11:00,1065,1379
2017/4/22 12:00,1171,1539
2017/4/22 13:00,1240,1519
2017/4/22 14:00,1181,1550
2017/4/22 15:00,1387,1843
2017/4/22 16:00,1360,1788
2017/4/22 17:00,1557,1988
2017/4/22 18:00,1456,1781
2017/4/22 19:00,1375,1779
2017/4/22 20:00,1758,2237
2017/4/22 21:00,1981,2410
2017/4/22 22:00,1613,1937
2017/4/22 23:00,1495,1784
2017/4/23 0:00,1114,1414
2017/4/23 1:00,946,1101
2017/4/23 2:00,866,1036
2017/4/23 3:00,784,898
2017/4/23 4:00,710,732
2017/4/23 5:00,720,748
2017/4/23 6:00,843,957
2017/4/23 7:00,900,969
2017/4/23 8:00,1083,1301
2017/4/23 9:00,1238,1586
2017/4/23 10:00,1222,1523
2017/4/23 11:00,988,1245
2017/4/23 12:00,963,1185
2017/4/23 13:00,1039,1261
2017/4/23 14:00,1049,1314
2017/4/23 15:00,998,1295
2017/4/23 16:00,1118,1349
2017/4/23 17:00,1714,2018
2017/4/23 18:00,1574,1858
2017/4/23 19:00,1388,1671
2017/4/23 20:00,1628,2091
2017/4/23 21:00,1547,1937
2017/4/23 22:00,1837,2284
2017/4/23 23:00,1535,2044
2017/4/24 0:00,1109,1431
2017/4/24 1:00,780,971
2017/4/24 2:00,678,845
2017/4/24 3:00,609,774
2017/4/24 4:00,646,788
2017/4/24 5:00,573,675
2017/4/24 6:00,853,1027
2017/4/24 7:00,698,843
2017/4/24 8:00,715,935
2017/4/24 9:00,867,1080
2017/4/24 10:00,1001,1305
2017/4/24 11:00,774,1054
2017/4/24 12:00,750,946
2017/4/24 13:00,961,1123
2017/4/24 14:00,880,1102
2017/4/24 15:00,954,1152
2017/4/24 16:00,1139,1380
2017/4/24 17:00,1130,1353
2017/4/24 18:00,1139,1328
2017/4/24 19:00,1394,1782
2017/4/24 20:00,1499,2063
2017/4/24 21:00,1343,1792
2017/4/24 22:00,1363,1774
2017/4/24 23:00,1400,1771
2017/4/25 0:00,992,1175
2017/4/25 1:00,643,736
2017/4/25 2:00,550,640
2017/4/25 3:00,703,798
2017/4/25 4:00,625,704
2017/4/25 5:00,564,615
2017/4/25 6:00,680,866
2017/4/25 7:00,756,947
2017/4/25 8:00,699,892
2017/4/25 9:00,869,1045
2017/4/25 10:00,652,818
2017/4/25 11:00,652,733
2017/4/25 12:00,749,852
2017/4/25 13:00,650,759
2017/4/25 14:00,697,826
2017/4/25 15:00,688,804
2017/4/25 16:00,757,905
2017/4/25 17:00,962,1236
2017/4/25 18:00,1231,1500
2017/4/25 19:00,1373,1720
2017/4/25 20:00,1527,1790
2017/4/25 21:00,1461,1883
2017/4/25 22:00,1553,2020
2017/4/25 23:00,1223,1512
2017/4/26 0:00,966,1131
2017/4/26 1:00,940,1137
2017/4/26 2:00,864,1104
2017/4/26 3:00,863,1015
2017/4/26 4:00,900,1030
2017/4/26 5:00,842,1005
2017/4/26 6:00,876,991
2017/4/26 7:00,804,983
2017/4/26 8:00,910,1129
2017/4/26 9:00,916,1160
2017/4/26 10:00,1031,1392
2017/4/26 11:00,1115,1569
2017/4/26 12:00,961,1243
2017/4/26 13:00,1067,1468
2017/4/26 14:00,1091,1498
2017/4/26 15:00,1059,1461
2017/4/26 16:00,1092,1506
2017/4/26 17:00,1194,1648
2017/4/26 18:00,1270,1643
2017/4/26 19:00,1227,1552
2017/4/26 20:00,1439,1792
2017/4/26 21:00,1287,1680
2017/4/26 22:00,1396,1876
2017/4/26 23:00,1410,1901
2017/4/27 0:00,1005,1200
2017/4/27 1:00,821,964
2017/4/27 2:00,760,882
2017/4/27 3:00,691,793
2017/4/27 4:00,742,890
2017/4/27 5:00,712,831
2017/4/27 6:00,783,934
2017/4/27 7:00,725,924
2017/4/27 8:00,823,1082
2017/4/27 9:00,835,1036
2017/4/27 10:00,691,825
2017/4/27 11:00,780,935
2017/4/27 12:00,908,1089
2017/4/27 13:00,1150,1416
2017/4/27 14:00,889,1004
2017/4/27 15:00,1155,1454
2017/4/27 16:00,1180,1563
2017/4/27 17:00,1098,1422
2017/4/27 18:00,1046,1271
2017/4/27 19:00,895,1127
2017/4/27 20:00,1418,1924
2017/4/27 21:00,1630,2134
2017/4/27 22:00,1710,2291
2017/4/27 23:00,1230,1598
2017/4/28 0:00,962,1265
2017/4/28 1:00,666,830
2017/4/28 2:00,574,662
2017/4/28 3:00,615,700
2017/4/28 4:00,631,722
2017/4/28 5:00,656,727
2017/4/28 6:00,787,941
2017/4/28 7:00,859,1078
2017/4/28 8:00,825,1043
2017/4/28 9:00,1168,1588
2017/4/28 10:00,1024,1476
2017/4/28 11:00,868,1213
2017/4/28 12:00,704,881
2017/4/28 13:00,732,958
2017/4/28 14:00,791,1122
2017/4/28 15:00,952,1328
2017/4/28 16:00,876,1140
2017/4/28 17:00,945,1255
2017/4/28 18:00,886,1075
2017/4/28 19:00,1298,1626
2017/4/28 20:00,1563,1968
2017/4/28 21:00,1851,2285
2017/4/28 22:00,1725,2104
2017/4/28 23:00,1563,1895
2017/4/29 0:00,1191,1442
2017/4/29 1:00,1019,1196
2017/4/29 2:00,1014,1164
2017/4/29 3:00,881,978
2017/4/29 4:00,938,1014
2017/4/29 5:00,854,937
2017/4/29 6:00,941,1152
2017/4/29 7:00,963,1210
2017/4/29 8:00,981,1300
2017/4/29 9:00,981,1286
2017/4/29 10:00,758,1041
2017/4/29 11:00,727,1017
2017/4/29 12:00,748,887
2017/4/29 13:00,805,1063
2017/4/29 14:00,906,1142
2017/4/29 15:00,1012,1400
2017/4/29 16:00,1023,1290
2017/4/29 17:00,941,1281
2017/4/29 18:00,1003,1231
2017/4/29 19:00,1113,1295
2017/4/29 20:00,1464,1770
2017/4/29 21:00,1553,2043
2017/4/29 22:00,1633,1997
2017/4/29 23:00,1530,1869
2017/4/30 0:00,1093,1288
2017/4/30 1:00,1060,1276
2017/4/30 2:00,873,922
2017/4/30 3:00,795,786
2017/4/30 4:00,764,750
2017/4/30 5:00,794,794
2017/4/30 6:00,732,734
2017/4/30 7:00,813,857
2017/4/30 8:00,783,977
2017/4/30 9:00,979,1176
2017/4/30 10:00,692,796
2017/4/30 11:00,628,736
2017/4/30 12:00,571,687
2017/4/30 13:00,779,866
2017/4/30 14:00,830,980
2017/4/30 15:00,949,1141
2017/4/30 16:00,1229,1488
2017/4/30 17:00,869,1079
2017/4/30 18:00,974,1225
2017/4/30 19:00,1113,1335
2017/4/30 20:00,1532,1852
2017/4/30 21:00,1486,1805
2017/4/30 22:00,1438,1723
2017/4/30 23:00,1288,1489
2017/5/1 0:00,944,1115
2017/5/1 1:00,905,977
2017/5/1 2:00,790,833
2017/5/1 3:00,906,1028
2017/5/1 4:00,918,1056
2017/5/1 5:00,830,901
2017/5/1 6:00,924,1046
2017/5/1 7:00,987,1159
2017/5/1 8:00,1007,1321
2017/5/1 9:00,939,1257
2017/5/1 10:00,924,1204
2017/5/1 11:00,788,1065
2017/5/1 12:00,800,1087
2017/5/1 13:00,889,1162
2017/5/1 14:00,868,1140
2017/5/1 15:00,903,1076
2017/5/1 16:00,943,1239
2017/5/1 17:00,770,989
2017/5/1 18:00,940,1259
2017/5/1 19:00,959,1262
2017/5/1 20:00,1139,1548
2017/5/1 21:00,1187,1677
2017/5/1 22:00,1246,1571
2017/5/1 23:00,1122,1299
2017/5/2 0:00,957,1078
2017/5/2 1:00,724,770
2017/5/2 2:00,541,536
2017/5/2 3:00,576,561
2017/5/2 4:00,562,549
2017/5/2 5:00,552,579
2017/5/2 6:00,675,744
2017/5/2 7:00,624,745
2017/5/2 8:00,696,855
2017/5/2 9:00,778,980
2017/5/2 10:00,862,1177
2017/5/2 11:00,557,699
2017/5/2 12:00,805,1058
2017/5/2 13:00,714,972
2017/5/2 14:00,803,1088
2017/5/2 15:00,935,1197
2017/5/2 16:00,1101,1380
2017/5/2 17:00,1060,1286
2017/5/2 18:00,1168,1379
2017/5/2 19:00,1080,1260
2017/5/2 20:00,1557,1908
2017/5/2 21:00,1399,1726
2017/5/2 22:00,1278,1524
2017/5/2 23:00,1060,1307
2017/5/3 0:00,748,853
2017/5/3 1:00,649,690
2017/5/3 2:00,603,633
2017/5/3 3:00,561,568
2017/5/3 4:00,676,778
2017/5/3 5:00,603,668
2017/5/3 6:00,804,968
2017/5/3 7:00,723,929
2017/5/3 8:00,908,1129
2017/5/3 9:00,1204,1559
2017/5/3 10:00,1156,1425
2017/5/3 11:00,897,1118
2017/5/3 12:00,759,921
2017/5/3 13:00,823,1109
2017/5/3 14:00,1263,1601
2017/5/3 15:00,1167,1569
2017/5/3 16:00,1167,1578
2017/5/3 17:00,1131,1517
2017/5/3 18:00,1121,1378
2017/5/3 19:00,942,1300
2017/5/3 20:00,1090,1389
2017/5/3 21:00,1294,1604
2017/5/3 22:00,1271,1523
2017/5/3 23:00,1205,1448
2017/5/4 0:00,684,720
2017/5/4 1:00,709,783
2017/5/4 2:00,677,763
2017/5/4 3:00,627,674
2017/5/4 4:00,684,757
2017/5/4 5:00,737,798
2017/5/4 6:00,825,973
2017/5/4 7:00,734,890
2017/5/4 8:00,632,819
2017/5/4 9:00,753,862
2017/5/4 10:00,859,1045
2017/5/4 11:00,779,957
2017/5/4 12:00,781,940
2017/5/4 13:00,878,998
2017/5/4 14:00,686,880
2017/5/4 15:00,854,1088
2017/5/4 16:00,964,1231
2017/5/4 17:00,942,1213
2017/5/4 18:00,965,1206
2017/5/4 19:00,1106,1333
2017/5/4 20:00,1284,1519
2017/5/4 21:00,1228,1563
2017/5/4 22:00,1263,1596
2017/5/4 23:00,1136,1358
2017/5/5 0:00,934,1128
2017/5/5 1:00,654,683
2017/5/5 2:00,583,589
2017/5/5 3:00,632,663
2017/5/5 4:00,647,713
2017/5/5 5:00,735,780
2017/5/5 6:00,929,1082
2017/5/5 7:00,911,1055
2017/5/5 8:00,701,857
2017/5/5 9:00,875,1072
2017/5/5 10:00,774,957
2017/5/5 11:00,900,1166
2017/5/5 12:00,916,1126
2017/5/5 13:00,921,1259
2017/5/5 14:00,948,1277
2017/5/5 15:00,910,1246
2017/5/5 16:00,970,1348
2017/5/5 17:00,926,1138
2017/5/5 18:00,1179,1519
2017/5/5 19:00,1385,1893
2017/5/5 20:00,1490,2057
2017/5/5 21:00,1264,1719
2017/5/5 22:00,1394,1851
2017/5/5 23:00,1084,1384
2017/5/6 0:00,656,785
2017/5/6 1:00,549,652
2017/5/6 2:00,504,575
2017/5/6 3:00,475,538
2017/5/6 4:00,428,484
2017/5/6 5:00,426,510
2017/5/6 6:00,570,701
2017/5/6 7:00,797,975
2017/5/6 8:00,767,1011
2017/5/6 9:00,1036,1405
2017/5/6 10:00,955,1240
2017/5/6 11:00,988,1196
2017/5/6 12:00,908,1178
2017/5/6 13:00,868,1138
2017/5/6 14:00,881,1199
2017/5/6 15:00,889,1270
2017/5/6 16:00,1107,1546
2017/5/6 17:00,1369,2000
2017/5/6 18:00,1245,1614
2017/5/6 19:00,982,1154
2017/5/6 20:00,1080,1355
2017/5/6 21:00,1413,1801
2017/5/6 22:00,1526,2010
2017/5/6 23:00,1296,1669
2017/5/7 0:00,1011,1346
2017/5/7 1:00,724,970
2017/5/7 2:00,649,859
2017/5/7 3:00,703,933
2017/5/7 4:00,720,985
2017/5/7 5:00,724,960
2017/5/7 6:00,789,964
2017/5/7 7:00,867,1006
2017/5/7 8:00,1009,1222
2017/5/7 9:00,1090,1356
2017/5/7 10:00,1125,1441
2017/5/7 11:00,1111,1437
2017/5/7 12:00,993,1171
2017/5/7 13:00,1056,1345
2017/5/7 14:00,1062,1397
2017/5/7 15:00,1126,1338
2017/5/7 16:00,1484,1825
2017/5/7 17:00,1231,1537
2017/5/7 18:00,1167,1414
2017/5/7 19:00,1201,1477
2017/5/7 20:00,1214,1460
2017/5/7 21:00,1358,1742
2017/5/7 22:00,1241,1578
2017/5/7 23:00,1200,1458
