Time,KPI
2016/11/7 0:00,4609
2016/11/7 1:00,3882
2016/11/7 2:00,3845
2016/11/7 3:00,3547
2016/11/7 4:00,3305
2016/11/7 5:00,3529
2016/11/7 6:00,4245
2016/11/7 7:00,4337
2016/11/7 8:00,3205
2016/11/7 9:00,1929
2016/11/7 10:00,2239
2016/11/7 11:00,2452
2016/11/7 12:00,2316
2016/11/7 13:00,2477
2016/11/7 14:00,2182
2016/11/7 15:00,2179
2016/11/7 16:00,2869
2016/11/7 17:00,4232
2016/11/7 18:00,6061
2016/11/7 19:00,6096
2016/11/7 20:00,4761
2016/11/7 21:00,5062
2016/11/7 22:00,5127
2016/11/7 23:00,4581
2016/11/8 0:00,4097
2016/11/8 1:00,3316
2016/11/8 2:00,3086
2016/11/8 3:00,2752
2016/11/8 4:00,2793
2016/11/8 5:00,2879
2016/11/8 6:00,3698
2016/11/8 7:00,3981
2016/11/8 8:00,2510
2016/11/8 9:00,2012
2016/11/8 10:00,1901
2016/11/8 11:00,2368
2016/11/8 12:00,2333
2016/11/8 13:00,2434
2016/11/8 14:00,1940
2016/11/8 15:00,2021
2016/11/8 16:00,2576
2016/11/8 17:00,4070
2016/11/8 18:00,5277
2016/11/8 19:00,5207
2016/11/8 20:00,5228
2016/11/8 21:00,5560
2016/11/8 22:00,5011
2016/11/8 23:00,4293
2016/11/9 0:00,3048
2016/11/9 1:00,2527
2016/11/9 2:00,2286
2016/11/9 3:00,2331
2016/11/9 4:00,2442
2016/11/9 5:00,2396
2016/11/9 6:00,3448
2016/11/9 7:00,3461
2016/11/9 8:00,2529
2016/11/9 9:00,2161
2016/11/9 10:00,2196
2016/11/9 11:00,1914
2016/11/9 12:00,2519
2016/11/9 13:00,2208
2016/11/9 14:00,1894
2016/11/9 15:00,2200
2016/11/9 16:00,2568
2016/11/9 17:00,4501
2016/11/9 18:00,6730
2016/11/9 19:00,5920
2016/11/9 20:00,5487
2016/11/9 21:00,5476
2016/11/9 22:00,5365
2016/11/9 23:00,4593
2016/11/10 0:00,4072
2016/11/10 1:00,3843
2016/11/10 2:00,3374
2016/11/10 3:00,3435
2016/11/10 4:00,3186
2016/11/10 5:00,3451
2016/11/10 6:00,3843
2016/11/10 7:00,3942
2016/11/10 8:00,3156
2016/11/10 9:00,2783
2016/11/10 10:00,2328
2016/11/10 11:00,2285
2016/11/10 12:00,2555
2016/11/10 13:00,2319
2016/11/10 14:00,2315
2016/11/10 15:00,2046
2016/11/10 16:00,2758
2016/11/10 17:00,4246
2016/11/10 18:00,5937
2016/11/10 19:00,5503
2016/11/10 20:00,5326
2016/11/10 21:00,5805
2016/11/10 22:00,5240
2016/11/10 23:00,4853
2016/11/11 0:00,4322
2016/11/11 1:00,3817
2016/11/11 2:00,3618
2016/11/11 3:00,3227
2016/11/11 4:00,3143
2016/11/11 5:00,3287
2016/11/11 6:00,4167
2016/11/11 7:00,3839
2016/11/11 8:00,2660
2016/11/11 9:00,2760
2016/11/11 10:00,2653
2016/11/11 11:00,2676
2016/11/11 12:00,2732
2016/11/11 13:00,2848
2016/11/11 14:00,2226
2016/11/11 15:00,2379
2016/11/11 16:00,3141
2016/11/11 17:00,4287
2016/11/11 18:00,5253
2016/11/11 19:00,5059
2016/11/11 20:00,5479
2016/11/11 21:00,5413
2016/11/11 22:00,5746
2016/11/11 23:00,5485
2016/11/12 0:00,4451
2016/11/12 1:00,3896
2016/11/12 2:00,3993
2016/11/12 3:00,3951
2016/11/12 4:00,4103
2016/11/12 5:00,4250
2016/11/12 6:00,4369
2016/11/12 7:00,4587
2016/11/12 8:00,4858
2016/11/12 9:00,4913
2016/11/12 10:00,4696
2016/11/12 11:00,3997
2016/11/12 12:00,3959
2016/11/12 13:00,4044
2016/11/12 14:00,4851
2016/11/12 15:00,4417
2016/11/12 16:00,3582
2016/11/12 17:00,4649
2016/11/12 18:00,5659
2016/11/12 19:00,5127
2016/11/12 20:00,5479
2016/11/12 21:00,6295
2016/11/12 22:00,6109
2016/11/12 23:00,5108
2016/11/13 0:00,4439
2016/11/13 1:00,3925
2016/11/13 2:00,3510
2016/11/13 3:00,3220
2016/11/13 4:00,3047
2016/11/13 5:00,3164
2016/11/13 6:00,3343
2016/11/13 7:00,3682
2016/11/13 8:00,4454
2016/11/13 9:00,3893
2016/11/13 10:00,3795
2016/11/13 11:00,4142
2016/11/13 12:00,4403
2016/11/13 13:00,3887
2016/11/13 14:00,3583
2016/11/13 15:00,4176
2016/11/13 16:00,4185
2016/11/13 17:00,5378
2016/11/13 18:00,5648
2016/11/13 19:00,5869
2016/11/13 20:00,5912
2016/11/13 21:00,6374
2016/11/13 22:00,5439
2016/11/13 23:00,4939
2016/11/14 0:00,4479
2016/11/14 1:00,3990
2016/11/14 2:00,3543
2016/11/14 3:00,3307
2016/11/14 4:00,3325
2016/11/14 5:00,3333
2016/11/14 6:00,3771
2016/11/14 7:00,4136
2016/11/14 8:00,3111
2016/11/14 9:00,2312
2016/11/14 10:00,2585
2016/11/14 11:00,2562
2016/11/14 12:00,2876
2016/11/14 13:00,2667
2016/11/14 14:00,2006
2016/11/14 15:00,2265
2016/11/14 16:00,2755
2016/11/14 17:00,4821
2016/11/14 18:00,5546
2016/11/14 19:00,5599
2016/11/14 20:00,6219
2016/11/14 21:00,6437
2016/11/14 22:00,5631
2016/11/14 23:00,4576
2016/11/15 0:00,3971
2016/11/15 1:00,3406
2016/11/15 2:00,3049
2016/11/15 3:00,2988
2016/11/15 4:00,2784
2016/11/15 5:00,2794
2016/11/15 6:00,3813
2016/11/15 7:00,4184
2016/11/15 8:00,3104
2016/11/15 9:00,2362
2016/11/15 10:00,2718
2016/11/15 11:00,2092
2016/11/15 12:00,2172
2016/11/15 13:00,1960
2016/11/15 14:00,2116
2016/11/15 15:00,2435
2016/11/15 16:00,2659
2016/11/15 17:00,4264
2016/11/15 18:00,5968
2016/11/15 19:00,5118
2016/11/15 20:00,5258
2016/11/15 21:00,5271
2016/11/15 22:00,4307
2016/11/15 23:00,4352
2016/11/16 0:00,1971
2016/11/16 1:00,3406
2016/11/16 2:00,3049
2016/11/16 3:00,2988
2016/11/16 4:00,2784
2016/11/16 5:00,2794
2016/11/16 6:00,3813
2016/11/16 7:00,4184
2016/11/16 8:00,3104
2016/11/16 9:00,2362
2016/11/16 10:00,2718
2016/11/16 11:00,2092
2016/11/16 12:00,2172
2016/11/16 13:00,1960
2016/11/16 14:00,2116
2016/11/16 15:00,2435
2016/11/16 16:00,2659
2016/11/16 17:00,4264
2016/11/16 18:00,5968
2016/11/16 19:00,5118
2016/11/16 20:00,5258
2016/11/16 21:00,5271
2016/11/16 22:00,4307
2016/11/16 23:00,4352
2016/11/17 0:00,1971
2016/11/17 1:00,3406
2016/11/17 2:00,3049
2016/11/17 3:00,2988
2016/11/17 4:00,2784
2016/11/17 5:00,2794
2016/11/17 6:00,3813
2016/11/17 7:00,4184
2016/11/17 8:00,3104
2016/11/17 9:00,2362
2016/11/17 10:00,2718
2016/11/17 11:00,2092
2016/11/17 12:00,2172
2016/11/17 13:00,1960
2016/11/17 14:00,2116
2016/11/17 15:00,2435
2016/11/17 16:00,2659
2016/11/17 17:00,4264
2016/11/17 18:00,5968
2016/11/17 19:00,5118
2016/11/17 20:00,5258
2016/11/17 21:00,5271
2016/11/17 22:00,4307
2016/11/17 23:00,4352
2016/11/18 0:00,1971
2016/11/18 1:00,3406
2016/11/18 2:00,3049
2016/11/18 3:00,2988
2016/11/18 4:00,2784
2016/11/18 5:00,2794
2016/11/18 6:00,3813
2016/11/18 7:00,4184
2016/11/18 8:00,3104
2016/11/18 9:00,2362
2016/11/18 10:00,2718
2016/11/18 11:00,2092
2016/11/18 12:00,2172
2016/11/18 13:00,1960
2016/11/18 14:00,2116
2016/11/18 15:00,2435
2016/11/18 16:00,2659
2016/11/18 17:00,4264
2016/11/18 18:00,5968
2016/11/18 19:00,5118
2016/11/18 20:00,5258
2016/11/18 21:00,5271
2016/11/18 22:00,4307
2016/11/18 23:00,4352
2016/11/19 0:00,1971
2016/11/19 1:00,3406
2016/11/19 2:00,3049
2016/11/19 3:00,2988
2016/11/19 4:00,2784
2016/11/19 5:00,2794
2016/11/19 6:00,3813
2016/11/19 7:00,4184
2016/11/19 8:00,3104
2016/11/19 9:00,2362
2016/11/19 10:00,2718
2016/11/19 11:00,2092
2016/11/19 12:00,2172
2016/11/19 13:00,1960
2016/11/19 14:00,2116
2016/11/19 15:00,2435
2016/11/19 16:00,2659
2016/11/19 17:00,4264
2016/11/19 18:00,5968
2016/11/19 19:00,5118
2016/11/19 20:00,5258
2016/11/19 21:00,5271
2016/11/19 22:00,4307
2016/11/19 23:00,4352
2016/11/20 0:00,1971
2016/11/20 1:00,3406
2016/11/20 2:00,3049
2016/11/20 3:00,2988
2016/11/20 4:00,2784
2016/11/20 5:00,2794
2016/11/20 6:00,3813
2016/11/20 7:00,4184
2016/11/20 8:00,3104
2016/11/20 9:00,2362
2016/11/20 10:00,2718
2016/11/20 11:00,2092
2016/11/20 12:00,2172
2016/11/20 13:00,1960
2016/11/20 14:00,2116
2016/11/20 15:00,2435
2016/11/20 16:00,2659
2016/11/20 17:00,4264
2016/11/20 18:00,5968
2016/11/20 19:00,5118
2016/11/20 20:00,5258
2016/11/20 21:00,5271
2016/11/20 22:00,4307
2016/11/20 23:00,4352
2016/11/21 0:00,1971
2016/11/21 1:00,3406
2016/11/21 2:00,3049
2016/11/21 3:00,2988
2016/11/21 4:00,2784
2016/11/21 5:00,2794
2016/11/21 6:00,3813
2016/11/21 7:00,4184
2016/11/21 8:00,3104
2016/11/21 9:00,2362
2016/11/21 10:00,2718
2016/11/21 11:00,2092
2016/11/21 12:00,2172
2016/11/21 13:00,1960
2016/11/21 14:00,2116
2016/11/21 15:00,2435
2016/11/21 16:00,2659
2016/11/21 17:00,4264
2016/11/21 18:00,5968
2016/11/21 19:00,5118
2016/11/21 20:00,5258
2016/11/21 21:00,5271
2016/11/21 22:00,4307
2016/11/21 23:00,4352
2016/11/22 0:00,5241
2016/11/22 1:00,4337
2016/11/22 2:00,4234
2016/11/22 3:00,4157
2016/11/22 4:00,4092
2016/11/22 5:00,4030
2016/11/22 6:00,4357
2016/11/22 7:00,4342
2016/11/22 8:00,3006
2016/11/22 9:00,2407
2016/11/22 10:00,2552
2016/11/22 11:00,2498
2016/11/22 12:00,2957
2016/11/22 13:00,2518
2016/11/22 14:00,2198
2016/11/22 15:00,1867
2016/11/22 16:00,2811
2016/11/22 17:00,4750
2016/11/22 18:00,5939
2016/11/22 19:00,6030
2016/11/22 20:00,5913
2016/11/22 21:00,6315
2016/11/22 22:00,6310
2016/11/22 23:00,5591
2016/11/23 0:00,4734
2016/11/23 1:00,4344
2016/11/23 2:00,3676
2016/11/23 3:00,3482
2016/11/23 4:00,3392
2016/11/23 5:00,3571
2016/11/23 6:00,4380
2016/11/23 7:00,4259
2016/11/23 8:00,3579
2016/11/23 9:00,2636
2016/11/23 10:00,2952
2016/11/23 11:00,2501
2016/11/23 12:00,2130
2016/11/23 13:00,1876
2016/11/23 14:00,2162
2016/11/23 15:00,2327
2016/11/23 16:00,3301
2016/11/23 17:00,4729
2016/11/23 18:00,5712
2016/11/23 19:00,5400
2016/11/23 20:00,5295
2016/11/23 21:00,5091
2016/11/23 22:00,5073
2016/11/23 23:00,4765
2016/11/24 0:00,4833
2016/11/24 1:00,4630
2016/11/24 2:00,4251
2016/11/24 3:00,4621
2016/11/24 4:00,4638
2016/11/24 5:00,4815
2016/11/24 6:00,5399
2016/11/24 7:00,5176
2016/11/24 8:00,4032
2016/11/24 9:00,2663
2016/11/24 10:00,2798
2016/11/24 11:00,2857
2016/11/24 12:00,2689
2016/11/24 13:00,2336
2016/11/24 14:00,2721
2016/11/24 15:00,2400
2016/11/24 16:00,2905
2016/11/24 17:00,4242
2016/11/24 18:00,5265
2016/11/24 19:00,5581
2016/11/24 20:00,5895
2016/11/24 21:00,5736
2016/11/24 22:00,5565
2016/11/24 23:00,4790
2016/11/25 0:00,4401
2016/11/25 1:00,3937
2016/11/25 2:00,3775
2016/11/25 3:00,3586
2016/11/25 4:00,3399
2016/11/25 5:00,3586
2016/11/25 6:00,4108
2016/11/25 7:00,3825
2016/11/25 8:00,3258
2016/11/25 9:00,2525
2016/11/25 10:00,2316
2016/11/25 11:00,2683
2016/11/25 12:00,2431
2016/11/25 13:00,2433
2016/11/25 14:00,2175
2016/11/25 15:00,2374
2016/11/25 16:00,2707
2016/11/25 17:00,4035
2016/11/25 18:00,5581
2016/11/25 19:00,5735
2016/11/25 20:00,5339
2016/11/25 21:00,5589
2016/11/25 22:00,5398
2016/11/25 23:00,4312
2016/11/26 0:00,4198
2016/11/26 1:00,4232
2016/11/26 2:00,3638
2016/11/26 3:00,3444
2016/11/26 4:00,3576
2016/11/26 5:00,3481
2016/11/26 6:00,3846
2016/11/26 7:00,4383
2016/11/26 8:00,4482
2016/11/26 9:00,3747
2016/11/26 10:00,3905
2016/11/26 11:00,4466
2016/11/26 12:00,3382
2016/11/26 13:00,3268
2016/11/26 14:00,3493
2016/11/26 15:00,3748
2016/11/26 16:00,4449
2016/11/26 17:00,4445
2016/11/26 18:00,5285
2016/11/26 19:00,5114
2016/11/26 20:00,5409
2016/11/26 21:00,5501
2016/11/26 22:00,5207
2016/11/26 23:00,4717
2016/11/27 0:00,3607
2016/11/27 1:00,3379
2016/11/27 2:00,3535
2016/11/27 3:00,3084
2016/11/27 4:00,3413
2016/11/27 5:00,3484
2016/11/27 6:00,3458
2016/11/27 7:00,3939
2016/11/27 8:00,3940
2016/11/27 9:00,4033
2016/11/27 10:00,4287
2016/11/27 11:00,4137
2016/11/27 12:00,4173
2016/11/27 13:00,3946
2016/11/27 14:00,3568
2016/11/27 15:00,3516
2016/11/27 16:00,3301
2016/11/27 17:00,4594
2016/11/27 18:00,5077
2016/11/27 19:00,6152
2016/11/27 20:00,5814
2016/11/27 21:00,6067
2016/11/27 22:00,6114
2016/11/27 23:00,5012
2016/11/28 0:00,4833
2016/11/28 1:00,4606
2016/11/28 2:00,4124
2016/11/28 3:00,4000
2016/11/28 4:00,3548
2016/11/28 5:00,3817
2016/11/28 6:00,4113
2016/11/28 7:00,4032
2016/11/28 8:00,2839
2016/11/28 9:00,2043
2016/11/28 10:00,2131
2016/11/28 11:00,2257
2016/11/28 12:00,2183
2016/11/28 13:00,1743
2016/11/28 14:00,1882
2016/11/28 15:00,2022
2016/11/28 16:00,2796
2016/11/28 17:00,3470
2016/11/28 18:00,5608
2016/11/28 19:00,7188
2016/11/28 20:00,6725
2016/11/28 21:00,7261
2016/11/28 22:00,7188
2016/11/28 23:00,5812
2016/11/29 0:00,5019
2016/11/29 1:00,5298
2016/11/29 2:00,4895
2016/11/29 3:00,4549
2016/11/29 4:00,4553
2016/11/29 5:00,4707
2016/11/29 6:00,5063
2016/11/29 7:00,4952
2016/11/29 8:00,3526
2016/11/29 9:00,3072
2016/11/29 10:00,2515
2016/11/29 11:00,2746
2016/11/29 12:00,2939
2016/11/29 13:00,2867
2016/11/29 14:00,2489
2016/11/29 15:00,2276
2016/11/29 16:00,2493
2016/11/29 17:00,5223
2016/11/29 18:00,6840
2016/11/29 19:00,6802
2016/11/29 20:00,6935
2016/11/29 21:00,6856
2016/11/29 22:00,6848
2016/11/29 23:00,5976
2016/11/30 0:00,5199
2016/11/30 1:00,4992
2016/11/30 2:00,4470
2016/11/30 3:00,4274
2016/11/30 4:00,4255
2016/11/30 5:00,4216
2016/11/30 6:00,4874
2016/11/30 7:00,4302
2016/11/30 8:00,2750
2016/11/30 9:00,2718
2016/11/30 10:00,3190
2016/11/30 11:00,3429
2016/11/30 12:00,3242
2016/11/30 13:00,2913
2016/11/30 14:00,2775
2016/11/30 15:00,3070
2016/11/30 16:00,3161
2016/11/30 17:00,5227
2016/11/30 18:00,7119
2016/11/30 19:00,7272
2016/11/30 20:00,7090
2016/11/30 21:00,7435
2016/11/30 22:00,7342
2016/11/30 23:00,6618
2016/12/1 0:00,5741
2016/12/1 1:00,4855
2016/12/1 2:00,4576
2016/12/1 3:00,4395
2016/12/1 4:00,4330
2016/12/1 5:00,4489
2016/12/1 6:00,4553
2016/12/1 7:00,4844
2016/12/1 8:00,3726
2016/12/1 9:00,3109
2016/12/1 10:00,3094
2016/12/1 11:00,2756
2016/12/1 12:00,2809
2016/12/1 13:00,2717
2016/12/1 14:00,2695
2016/12/1 15:00,2371
2016/12/1 16:00,2540
2016/12/1 17:00,4366
2016/12/1 18:00,5680
2016/12/1 19:00,5919
2016/12/1 20:00,5844
2016/12/1 21:00,5951
2016/12/1 22:00,5322
2016/12/1 23:00,5253
2016/12/2 0:00,5012
2016/12/2 1:00,4003
2016/12/2 2:00,3595
2016/12/2 3:00,3463
2016/12/2 4:00,3316
2016/12/2 5:00,3480
2016/12/2 6:00,3637
2016/12/2 7:00,4233
2016/12/2 8:00,3008
2016/12/2 9:00,3092
2016/12/2 10:00,3058
2016/12/2 11:00,2693
2016/12/2 12:00,3075
2016/12/2 13:00,2814
2016/12/2 14:00,2512
2016/12/2 15:00,2588
2016/12/2 16:00,3540
2016/12/2 17:00,5142
2016/12/2 18:00,6970
2016/12/2 19:00,6604
2016/12/2 20:00,6072
2016/12/2 21:00,7055
2016/12/2 22:00,7352
2016/12/2 23:00,6877
2016/12/3 0:00,5418
2016/12/3 1:00,4611
2016/12/3 2:00,4486
2016/12/3 3:00,4385
2016/12/3 4:00,4210
2016/12/3 5:00,4356
2016/12/3 6:00,5320
2016/12/3 7:00,5209
2016/12/3 8:00,5183
2016/12/3 9:00,4596
2016/12/3 10:00,4588
2016/12/3 11:00,3942
2016/12/3 12:00,3965
2016/12/3 13:00,3703
2016/12/3 14:00,3550
2016/12/3 15:00,4126
2016/12/3 16:00,4468
2016/12/3 17:00,6433
2016/12/3 18:00,6399
2016/12/3 19:00,5375
2016/12/3 20:00,5542
2016/12/3 21:00,6085
2016/12/3 22:00,6549
2016/12/3 23:00,5529
2016/12/4 0:00,5035
2016/12/4 1:00,4542
2016/12/4 2:00,3950
2016/12/4 3:00,3474
2016/12/4 4:00,3132
2016/12/4 5:00,3397
2016/12/4 6:00,3615
2016/12/4 7:00,4633
2016/12/4 8:00,5098
2016/12/4 9:00,5121
2016/12/4 10:00,5031
2016/12/4 11:00,4786
2016/12/4 12:00,4846
2016/12/4 13:00,4858
2016/12/4 14:00,4430
2016/12/4 15:00,4756
2016/12/4 16:00,4866
2016/12/4 17:00,6482
2016/12/4 18:00,7141
2016/12/4 19:00,7079
2016/12/4 20:00,6807
2016/12/4 21:00,7135
2016/12/4 22:00,6492
2016/12/4 23:00,5253
2016/12/5 0:00,5048
2016/12/5 1:00,4503
2016/12/5 2:00,4342
2016/12/5 3:00,4240
2016/12/5 4:00,4268
2016/12/5 5:00,4306
2016/12/5 6:00,4671
2016/12/5 7:00,4460
2016/12/5 8:00,3569
2016/12/5 9:00,2873
2016/12/5 10:00,3453
2016/12/5 11:00,3451
2016/12/5 12:00,3294
2016/12/5 13:00,2646
2016/12/5 14:00,2235
2016/12/5 15:00,2589
2016/12/5 16:00,3710
2016/12/5 17:00,5490
2016/12/5 18:00,6738
2016/12/5 19:00,6665
2016/12/5 20:00,6107
2016/12/5 21:00,6645
2016/12/5 22:00,6979
2016/12/5 23:00,6442
2016/12/6 0:00,5335
2016/12/6 1:00,4752
2016/12/6 2:00,4435
2016/12/6 3:00,4511
2016/12/6 4:00,4567
2016/12/6 5:00,4667
2016/12/6 6:00,5623
2016/12/6 7:00,5182
2016/12/6 8:00,3825
2016/12/6 9:00,2912
2016/12/6 10:00,3023
2016/12/6 11:00,2874
2016/12/6 12:00,3415
2016/12/6 13:00,3375
2016/12/6 14:00,3390
2016/12/6 15:00,3272
2016/12/6 16:00,3641
2016/12/6 17:00,5007
2016/12/6 18:00,5905
2016/12/6 19:00,6300
2016/12/6 20:00,5962
2016/12/6 21:00,6257
2016/12/6 22:00,6007
2016/12/6 23:00,5461
2016/12/7 0:00,4653
2016/12/7 1:00,4229
2016/12/7 2:00,3957
2016/12/7 3:00,4093
2016/12/7 4:00,3850
2016/12/7 5:00,4278
2016/12/7 6:00,4745
2016/12/7 7:00,4300
2016/12/7 8:00,3198
2016/12/7 9:00,2549
2016/12/7 10:00,2665
2016/12/7 11:00,3350
2016/12/7 12:00,3463
2016/12/7 13:00,2634
2016/12/7 14:00,2395
2016/12/7 15:00,2590
2016/12/7 16:00,3786
2016/12/7 17:00,5772
2016/12/7 18:00,6245
2016/12/7 19:00,6521
2016/12/7 20:00,6656
2016/12/7 21:00,6561
2016/12/7 22:00,7315
2016/12/7 23:00,5870
2016/12/8 0:00,5554
2016/12/8 1:00,4519
2016/12/8 2:00,4210
2016/12/8 3:00,4097
2016/12/8 4:00,4066
2016/12/8 5:00,4381
2016/12/8 6:00,5033
2016/12/8 7:00,4887
2016/12/8 8:00,3967
2016/12/8 9:00,2685
2016/12/8 10:00,2242
2016/12/8 11:00,2811
2016/12/8 12:00,3080
2016/12/8 13:00,2513
2016/12/8 14:00,2386
2016/12/8 15:00,2530
2016/12/8 16:00,2985
2016/12/8 17:00,4558
2016/12/8 18:00,6191
2016/12/8 19:00,6037
2016/12/8 20:00,5980
2016/12/8 21:00,5708
2016/12/8 22:00,5444
2016/12/8 23:00,5238
2016/12/9 0:00,4612
2016/12/9 1:00,4392
2016/12/9 2:00,3759
2016/12/9 3:00,3599
2016/12/9 4:00,3937
2016/12/9 5:00,3898
2016/12/9 6:00,4831
2016/12/9 7:00,4921
2016/12/9 8:00,3145
2016/12/9 9:00,2959
2016/12/9 10:00,3078
2016/12/9 11:00,2668
2016/12/9 12:00,2848
2016/12/9 13:00,2509
2016/12/9 14:00,2647
2016/12/9 15:00,2537
2016/12/9 16:00,2972
2016/12/9 17:00,4339
2016/12/9 18:00,5538
2016/12/9 19:00,5953
2016/12/9 20:00,6147
2016/12/9 21:00,6283
2016/12/9 22:00,6372
2016/12/9 23:00,5165
2016/12/10 0:00,4596
2016/12/10 1:00,4188
2016/12/10 2:00,3791
2016/12/10 3:00,3711
2016/12/10 4:00,3547
2016/12/10 5:00,3801
2016/12/10 6:00,4674
2016/12/10 7:00,4924
2016/12/10 8:00,4704
2016/12/10 9:00,4732
2016/12/10 10:00,4786
2016/12/10 11:00,4889
2016/12/10 12:00,5056
2016/12/10 13:00,4507
2016/12/10 14:00,4373
2016/12/10 15:00,4236
2016/12/10 16:00,4978
2016/12/10 17:00,6480
2016/12/10 18:00,6362
2016/12/10 19:00,7169
2016/12/10 20:00,7086
2016/12/10 21:00,6507
2016/12/10 22:00,6270
2016/12/10 23:00,5423
2016/12/11 0:00,5130
2016/12/11 1:00,4849
2016/12/11 2:00,4572
2016/12/11 3:00,4382
2016/12/11 4:00,4250
2016/12/11 5:00,4549
2016/12/11 6:00,4532
2016/12/11 7:00,5082
2016/12/11 8:00,4851
2016/12/11 9:00,4776
2016/12/11 10:00,4735
2016/12/11 11:00,5322
2016/12/11 12:00,5530
2016/12/11 13:00,5417
2016/12/11 14:00,5197
2016/12/11 15:00,5675
2016/12/11 16:00,5702
2016/12/11 17:00,6250
2016/12/11 18:00,6348
2016/12/11 19:00,6373
2016/12/11 20:00,6701
2016/12/11 21:00,6592
2016/12/11 22:00,6438
2016/12/11 23:00,5284
2016/12/12 0:00,5317
2016/12/12 1:00,5405
2016/12/12 2:00,4812
2016/12/12 3:00,4530
2016/12/12 4:00,4157
2016/12/12 5:00,4437
2016/12/12 6:00,4590
2016/12/12 7:00,4944
2016/12/12 8:00,3875
2016/12/12 9:00,2989
2016/12/12 10:00,3244
2016/12/12 11:00,3038
2016/12/12 12:00,3009
2016/12/12 13:00,2606
2016/12/12 14:00,2580
2016/12/12 15:00,2487
2016/12/12 16:00,3746
2016/12/12 17:00,5408
2016/12/12 18:00,7651
2016/12/12 19:00,7311
2016/12/12 20:00,6977
2016/12/12 21:00,6885
2016/12/12 22:00,6242
2016/12/12 23:00,5534
2016/12/13 0:00,4998
2016/12/13 1:00,4180
2016/12/13 2:00,3964
2016/12/13 3:00,3847
2016/12/13 4:00,3723
2016/12/13 5:00,3849
2016/12/13 6:00,4340
2016/12/13 7:00,4277
2016/12/13 8:00,3276
2016/12/13 9:00,2542
2016/12/13 10:00,2705
2016/12/13 11:00,3087
2016/12/13 12:00,2812
2016/12/13 13:00,2350
2016/12/13 14:00,2638
2016/12/13 15:00,3044
2016/12/13 16:00,3177
2016/12/13 17:00,5035
2016/12/13 18:00,6160
2016/12/13 19:00,7011
2016/12/13 20:00,6046
2016/12/13 21:00,6131
2016/12/13 22:00,6195
2016/12/13 23:00,5978
2016/12/14 0:00,4845
2016/12/14 1:00,4916
2016/12/14 2:00,4407
2016/12/14 3:00,4289
2016/12/14 4:00,4072
2016/12/14 5:00,4095
2016/12/14 6:00,4743
2016/12/14 7:00,4632
2016/12/14 8:00,3484
2016/12/14 9:00,2938
2016/12/14 10:00,2638
2016/12/14 11:00,2351
2016/12/14 12:00,2629
2016/12/14 13:00,2809
2016/12/14 14:00,2523
2016/12/14 15:00,2646
2016/12/14 16:00,3075
2016/12/14 17:00,5055
2016/12/14 18:00,6039
2016/12/14 19:00,6246
2016/12/14 20:00,6586
2016/12/14 21:00,6851
2016/12/14 22:00,6710
2016/12/14 23:00,5496
2016/12/15 0:00,5488
2016/12/15 1:00,4948
2016/12/15 2:00,4540
2016/12/15 3:00,4078
2016/12/15 4:00,4124
2016/12/15 5:00,4101
2016/12/15 6:00,4857
2016/12/15 7:00,4752
2016/12/15 8:00,3461
2016/12/15 9:00,2949
2016/12/15 10:00,3498
2016/12/15 11:00,3254
2016/12/15 12:00,3274
2016/12/15 13:00,3094
2016/12/15 14:00,2421
2016/12/15 15:00,2948
2016/12/15 16:00,4309
2016/12/15 17:00,6070
2016/12/15 18:00,7245
2016/12/15 19:00,7682
2016/12/15 20:00,7420
2016/12/15 21:00,7211
2016/12/15 22:00,6634
2016/12/15 23:00,6020
2016/12/16 0:00,4965
2016/12/16 1:00,4589
2016/12/16 2:00,4152
2016/12/16 3:00,4185
2016/12/16 4:00,4219
2016/12/16 5:00,4317
2016/12/16 6:00,4851
2016/12/16 7:00,4515
2016/12/16 8:00,3414
2016/12/16 9:00,3121
2016/12/16 10:00,3303
2016/12/16 11:00,3174
2016/12/16 12:00,3301
2016/12/16 13:00,2925
2016/12/16 14:00,2722
2016/12/16 15:00,2343
2016/12/16 16:00,3349
2016/12/16 17:00,5162
2016/12/16 18:00,6449
2016/12/16 19:00,6797
2016/12/16 20:00,6788
2016/12/16 21:00,6621
2016/12/16 22:00,6449
2016/12/16 23:00,5734
2016/12/17 0:00,5189
2016/12/17 1:00,4143
2016/12/17 2:00,3401
2016/12/17 3:00,3462
2016/12/17 4:00,3397
2016/12/17 5:00,3548
2016/12/17 6:00,4288
2016/12/17 7:00,4902
2016/12/17 8:00,5105
2016/12/17 9:00,5084
2016/12/17 10:00,4950
2016/12/17 11:00,4772
2016/12/17 12:00,5616
2016/12/17 13:00,5147
2016/12/17 14:00,4756
2016/12/17 15:00,4783
2016/12/17 16:00,5614
2016/12/17 17:00,6179
2016/12/17 18:00,7079
2016/12/17 19:00,6181
2016/12/17 20:00,5918
2016/12/17 21:00,6648
2016/12/17 22:00,6859
2016/12/17 23:00,6614
2016/12/18 0:00,5392
2016/12/18 1:00,4398
2016/12/18 2:00,4308
2016/12/18 3:00,3995
2016/12/18 4:00,3626
2016/12/18 5:00,3694
2016/12/18 6:00,3781
2016/12/18 7:00,4471
2016/12/18 8:00,4456
2016/12/18 9:00,4834
2016/12/18 10:00,4551
2016/12/18 11:00,5357
2016/12/18 12:00,4582
2016/12/18 13:00,4431
2016/12/18 14:00,4353
2016/12/18 15:00,4142
2016/12/18 16:00,5020
2016/12/18 17:00,6178
2016/12/18 18:00,6977
2016/12/18 19:00,6095
2016/12/18 20:00,6502
2016/12/18 21:00,6868
2016/12/18 22:00,6809
2016/12/18 23:00,6020
2016/12/19 0:00,5096
2016/12/19 1:00,4805
2016/12/19 2:00,4378
2016/12/19 3:00,4485
2016/12/19 4:00,4561
2016/12/19 5:00,4876
2016/12/19 6:00,5162
2016/12/19 7:00,5267
2016/12/19 8:00,4280
2016/12/19 9:00,3191
2016/12/19 10:00,2651
2016/12/19 11:00,2913
2016/12/19 12:00,3615
2016/12/19 13:00,3228
2016/12/19 14:00,2836
2016/12/19 15:00,3375
2016/12/19 16:00,3888
2016/12/19 17:00,5825
2016/12/19 18:00,7070
2016/12/19 19:00,7721
2016/12/19 20:00,6790
2016/12/19 21:00,6696
2016/12/19 22:00,6795
2016/12/19 23:00,6393
2016/12/20 0:00,5875
2016/12/20 1:00,5320
2016/12/20 2:00,4988
2016/12/20 3:00,5073
2016/12/20 4:00,4740
2016/12/20 5:00,4948
2016/12/20 6:00,5027
2016/12/20 7:00,5003
2016/12/20 8:00,3851
2016/12/20 9:00,2848
2016/12/20 10:00,2462
2016/12/20 11:00,3007
2016/12/20 12:00,2452
2016/12/20 13:00,2233
2016/12/20 14:00,2377
2016/12/20 15:00,2660
2016/12/20 16:00,3025
2016/12/20 17:00,5394
2016/12/20 18:00,6545
2016/12/20 19:00,6492
2016/12/20 20:00,6900
2016/12/20 21:00,7380
2016/12/20 22:00,6734
2016/12/20 23:00,6083
2016/12/21 0:00,5727
2016/12/21 1:00,5250
2016/12/21 2:00,4761
2016/12/21 3:00,4550
2016/12/21 4:00,4282
2016/12/21 5:00,4560
2016/12/21 6:00,5011
2016/12/21 7:00,4890
2016/12/21 8:00,3937
2016/12/21 9:00,3079
2016/12/21 10:00,2466
2016/12/21 11:00,2465
2016/12/21 12:00,2118
2016/12/21 13:00,2094
2016/12/21 14:00,1972
2016/12/21 15:00,2812
2016/12/21 16:00,3860
2016/12/21 17:00,5711
2016/12/21 18:00,7273
2016/12/21 19:00,7283
2016/12/21 20:00,7199
2016/12/21 21:00,7390
2016/12/21 22:00,7865
2016/12/21 23:00,6718
2016/12/22 0:00,5678
2016/12/22 1:00,4945
2016/12/22 2:00,4681
2016/12/22 3:00,4610
2016/12/22 4:00,4448
2016/12/22 5:00,4616
2016/12/22 6:00,5190
2016/12/22 7:00,5102
2016/12/22 8:00,3212
2016/12/22 9:00,2777
2016/12/22 10:00,3090
2016/12/22 11:00,2758
2016/12/22 12:00,3177
2016/12/22 13:00,2144
2016/12/22 14:00,2245
2016/12/22 15:00,2267
2016/12/22 16:00,2738
2016/12/22 17:00,5160
2016/12/22 18:00,6689
2016/12/22 19:00,7496
2016/12/22 20:00,8045
2016/12/22 21:00,7490
2016/12/22 22:00,7005
2016/12/22 23:00,6118
2016/12/23 0:00,6036
2016/12/23 1:00,6009
2016/12/23 2:00,5152
2016/12/23 3:00,5086
2016/12/23 4:00,4871
2016/12/23 5:00,4866
2016/12/23 6:00,5610
2016/12/23 7:00,5084
2016/12/23 8:00,3375
2016/12/23 9:00,2801
2016/12/23 10:00,2787
2016/12/23 11:00,2755
2016/12/23 12:00,2623
2016/12/23 13:00,2524
2016/12/23 14:00,2755
2016/12/23 15:00,3007
2016/12/23 16:00,3019
2016/12/23 17:00,4858
2016/12/23 18:00,5762
2016/12/23 19:00,5972
2016/12/23 20:00,6214
2016/12/23 21:00,7395
2016/12/23 22:00,7012
2016/12/23 23:00,5853
2016/12/24 0:00,4967
2016/12/24 1:00,5121
2016/12/24 2:00,4349
2016/12/24 3:00,4216
2016/12/24 4:00,4133
2016/12/24 5:00,3884
2016/12/24 6:00,4582
2016/12/24 7:00,4696
2016/12/24 8:00,4731
2016/12/24 9:00,4421
2016/12/24 10:00,4807
2016/12/24 11:00,4798
2016/12/24 12:00,4698
2016/12/24 13:00,4762
2016/12/24 14:00,4359
2016/12/24 15:00,4270
2016/12/24 16:00,5021
2016/12/24 17:00,4759
2016/12/24 18:00,5560
2016/12/24 19:00,6214
2016/12/24 20:00,6370
2016/12/24 21:00,7418
2016/12/24 22:00,7879
2016/12/24 23:00,6348
2016/12/25 0:00,5766
2016/12/25 1:00,5071
2016/12/25 2:00,5005
2016/12/25 3:00,4902
2016/12/25 4:00,4605
2016/12/25 5:00,4657
2016/12/25 6:00,5146
2016/12/25 7:00,5078
2016/12/25 8:00,5344
2016/12/25 9:00,5851
2016/12/25 10:00,5165
2016/12/25 11:00,5068
2016/12/25 12:00,4856
2016/12/25 13:00,4973
2016/12/25 14:00,4467
2016/12/25 15:00,4224
2016/12/25 16:00,4772
2016/12/25 17:00,5621
2016/12/25 18:00,6577
2016/12/25 19:00,6983
2016/12/25 20:00,7224
2016/12/25 21:00,7136
2016/12/25 22:00,6723
2016/12/25 23:00,6651
2016/12/26 0:00,5471
2016/12/26 1:00,5628
2016/12/26 2:00,5181
2016/12/26 3:00,5070
2016/12/26 4:00,5256
2016/12/26 5:00,5189
2016/12/26 6:00,5218
2016/12/26 7:00,5047
2016/12/26 8:00,4014
2016/12/26 9:00,3176
2016/12/26 10:00,2492
2016/12/26 11:00,2960
2016/12/26 12:00,3028
2016/12/26 13:00,2788
2016/12/26 14:00,2258
2016/12/26 15:00,2591
2016/12/26 16:00,3136
2016/12/26 17:00,5363
2016/12/26 18:00,6707
2016/12/26 19:00,6379
2016/12/26 20:00,6501
2016/12/26 21:00,6934
2016/12/26 22:00,6201
2016/12/26 23:00,6216
2016/12/27 0:00,5431
2016/12/27 1:00,5072
2016/12/27 2:00,4398
2016/12/27 3:00,4098
2016/12/27 4:00,4008
2016/12/27 5:00,4522
2016/12/27 6:00,4976
2016/12/27 7:00,4648
2016/12/27 8:00,3110
2016/12/27 9:00,2525
2016/12/27 10:00,2732
2016/12/27 11:00,2864
2016/12/27 12:00,3071
2016/12/27 13:00,2819
2016/12/27 14:00,3037
2016/12/27 15:00,2606
2016/12/27 16:00,3868
2016/12/27 17:00,5644
2016/12/27 18:00,6970
2016/12/27 19:00,8003
2016/12/27 20:00,7501
2016/12/27 21:00,7673
2016/12/27 22:00,7201
2016/12/27 23:00,6619
2016/12/28 0:00,4717
2016/12/28 1:00,4579
2016/12/28 2:00,4439
2016/12/28 3:00,4263
2016/12/28 4:00,4151
2016/12/28 5:00,4100
2016/12/28 6:00,4945
2016/12/28 7:00,5123
2016/12/28 8:00,3653
2016/12/28 9:00,3458
2016/12/28 10:00,2467
2016/12/28 11:00,3059
2016/12/28 12:00,3238
2016/12/28 13:00,3001
2016/12/28 14:00,3359
2016/12/28 15:00,2973
2016/12/28 16:00,3354
2016/12/28 17:00,5303
2016/12/28 18:00,6666
2016/12/28 19:00,7656
2016/12/28 20:00,7798
2016/12/28 21:00,8201
2016/12/28 22:00,6832
2016/12/28 23:00,5770
2016/12/29 0:00,5413
2016/12/29 1:00,5300
2016/12/29 2:00,5690
2016/12/29 3:00,5538
2016/12/29 4:00,5530
2016/12/29 5:00,5275
2016/12/29 6:00,5524
2016/12/29 7:00,4866
2016/12/29 8:00,3870
2016/12/29 9:00,2962
2016/12/29 10:00,2724
2016/12/29 11:00,2490
2016/12/29 12:00,2666
2016/12/29 13:00,2631
2016/12/29 14:00,2518
2016/12/29 15:00,2592
2016/12/29 16:00,3186
2016/12/29 17:00,5500
2016/12/29 18:00,6822
2016/12/29 19:00,6916
2016/12/29 20:00,6951
2016/12/29 21:00,6859
2016/12/29 22:00,6180
2016/12/29 23:00,6404
2016/12/30 0:00,5777
2016/12/30 1:00,5363
2016/12/30 2:00,4667
2016/12/30 3:00,4951
2016/12/30 4:00,5048
2016/12/30 5:00,4952
2016/12/30 6:00,5621
2016/12/30 7:00,5082
2016/12/30 8:00,3983
2016/12/30 9:00,3160
2016/12/30 10:00,2735
2016/12/30 11:00,3438
2016/12/30 12:00,3394
2016/12/30 13:00,3176
2016/12/30 14:00,3044
2016/12/30 15:00,3524
2016/12/30 16:00,3770
2016/12/30 17:00,5690
2016/12/30 18:00,5832
2016/12/30 19:00,5901
2016/12/30 20:00,5396
2016/12/30 21:00,6851
2016/12/30 22:00,6660
2016/12/30 23:00,5524
2016/12/31 0:00,4932
2016/12/31 1:00,4230
2016/12/31 2:00,3990
2016/12/31 3:00,4000
2016/12/31 4:00,4039
2016/12/31 5:00,4139
2016/12/31 6:00,4728
2016/12/31 7:00,4864
2016/12/31 8:00,5364
2016/12/31 9:00,4732
2016/12/31 10:00,4641
2016/12/31 11:00,5341
2016/12/31 12:00,5054
2016/12/31 13:00,4586
2016/12/31 14:00,4691
2016/12/31 15:00,4408
2016/12/31 16:00,5656
2016/12/31 17:00,6350
2016/12/31 18:00,6199
2016/12/31 19:00,6289
2016/12/31 20:00,7135
2016/12/31 21:00,7426
2016/12/31 22:00,7572
2016/12/31 23:00,6294
2017/1/1 0:00,5602
2017/1/1 1:00,4415
2017/1/1 2:00,4145
2017/1/1 3:00,4100
2017/1/1 4:00,4308
2017/1/1 5:00,4484
2017/1/1 6:00,4407
2017/1/1 7:00,5620
2017/1/1 8:00,5933
2017/1/1 9:00,5573
2017/1/1 10:00,5636
2017/1/1 11:00,4816
2017/1/1 12:00,4963
2017/1/1 13:00,4858
2017/1/1 14:00,4209
2017/1/1 15:00,4164
2017/1/1 16:00,5092
2017/1/1 17:00,6279
2017/1/1 18:00,5310
2017/1/1 19:00,5763
2017/1/1 20:00,5829
2017/1/1 21:00,6200
2017/1/1 22:00,6419
2017/1/1 23:00,5348
2017/1/2 0:00,4589
2017/1/2 1:00,4284
2017/1/2 2:00,4225
2017/1/2 3:00,4054
2017/1/2 4:00,3934
2017/1/2 5:00,4139
2017/1/2 6:00,4023
2017/1/2 7:00,4590
2017/1/2 8:00,5150
2017/1/2 9:00,4643
2017/1/2 10:00,4362
2017/1/2 11:00,5418
2017/1/2 12:00,4701
2017/1/2 13:00,4165
2017/1/2 14:00,4561
2017/1/2 15:00,4994
2017/1/2 16:00,5627
2017/1/2 17:00,5881
2017/1/2 18:00,6321
2017/1/2 19:00,6604
2017/1/2 20:00,7376
2017/1/2 21:00,7254
2017/1/2 22:00,7146
2017/1/2 23:00,6345
2017/1/3 0:00,5449
2017/1/3 1:00,4932
2017/1/3 2:00,4791
2017/1/3 3:00,4719
2017/1/3 4:00,4318
2017/1/3 5:00,4630
2017/1/3 6:00,5222
2017/1/3 7:00,5140
2017/1/3 8:00,4316
2017/1/3 9:00,3257
2017/1/3 10:00,3475
2017/1/3 11:00,3118
2017/1/3 12:00,3147
2017/1/3 13:00,2563
2017/1/3 14:00,2760
2017/1/3 15:00,2888
2017/1/3 16:00,3503
2017/1/3 17:00,5214
2017/1/3 18:00,7088
2017/1/3 19:00,7209
2017/1/3 20:00,6890
2017/1/3 21:00,7295
2017/1/3 22:00,6682
2017/1/3 23:00,5540
2017/1/4 0:00,5199
2017/1/4 1:00,5002
2017/1/4 2:00,4897
2017/1/4 3:00,4742
2017/1/4 4:00,4508
2017/1/4 5:00,4644
2017/1/4 6:00,5466
2017/1/4 7:00,4586
2017/1/4 8:00,3580
2017/1/4 9:00,3133
2017/1/4 10:00,3001
2017/1/4 11:00,3325
2017/1/4 12:00,2789
2017/1/4 13:00,2858
2017/1/4 14:00,2369
2017/1/4 15:00,2419
2017/1/4 16:00,2890
2017/1/4 17:00,4743
2017/1/4 18:00,7077
2017/1/4 19:00,7771
2017/1/4 20:00,8575
2017/1/4 21:00,7659
2017/1/4 22:00,8168
2017/1/4 23:00,6665
2017/1/5 0:00,5652
2017/1/5 1:00,5303
2017/1/5 2:00,4933
2017/1/5 3:00,4349
2017/1/5 4:00,4388
2017/1/5 5:00,4429
2017/1/5 6:00,4795
2017/1/5 7:00,4994
2017/1/5 8:00,3830
2017/1/5 9:00,3489
2017/1/5 10:00,3045
2017/1/5 11:00,3519
2017/1/5 12:00,3207
2017/1/5 13:00,2989
2017/1/5 14:00,2877
2017/1/5 15:00,3054
2017/1/5 16:00,3368
2017/1/5 17:00,5688
2017/1/5 18:00,6159
2017/1/5 19:00,6892
2017/1/5 20:00,6215
2017/1/5 21:00,6842
2017/1/5 22:00,6436
2017/1/5 23:00,5954
2017/1/6 0:00,5046
2017/1/6 1:00,4666
2017/1/6 2:00,4251
2017/1/6 3:00,4327
2017/1/6 4:00,4537
2017/1/6 5:00,4731
2017/1/6 6:00,5162
2017/1/6 7:00,5050
2017/1/6 8:00,3752
2017/1/6 9:00,2925
2017/1/6 10:00,2661
2017/1/6 11:00,2563
2017/1/6 12:00,2263
2017/1/6 13:00,2366
2017/1/6 14:00,2376
2017/1/6 15:00,2505
2017/1/6 16:00,3424
2017/1/6 17:00,4779
2017/1/6 18:00,6709
2017/1/6 19:00,6756
2017/1/6 20:00,6451
2017/1/6 21:00,6941
2017/1/6 22:00,6267
2017/1/6 23:00,5266
2017/1/7 0:00,4753
2017/1/7 1:00,4975
2017/1/7 2:00,4586
2017/1/7 3:00,4177
2017/1/7 4:00,4006
2017/1/7 5:00,4338
2017/1/7 6:00,4708
2017/1/7 7:00,4832
2017/1/7 8:00,4477
2017/1/7 9:00,4310
2017/1/7 10:00,3981
2017/1/7 11:00,4855
2017/1/7 12:00,4048
2017/1/7 13:00,3588
2017/1/7 14:00,3596
2017/1/7 15:00,3922
2017/1/7 16:00,4152
2017/1/7 17:00,5875
2017/1/7 18:00,7158
2017/1/7 19:00,7143
2017/1/7 20:00,6235
2017/1/7 21:00,6313
2017/1/7 22:00,7154
2017/1/7 23:00,7314
2017/1/8 0:00,6504
2017/1/8 1:00,5673
2017/1/8 2:00,5219
2017/1/8 3:00,5086
2017/1/8 4:00,4527
2017/1/8 5:00,4601
2017/1/8 6:00,4717
2017/1/8 7:00,5209
2017/1/8 8:00,5609
2017/1/8 9:00,5379
2017/1/8 10:00,4625
2017/1/8 11:00,5154
2017/1/8 12:00,5035
2017/1/8 13:00,4524
2017/1/8 14:00,4693
2017/1/8 15:00,4925
2017/1/8 16:00,5613
2017/1/8 17:00,6173
2017/1/8 18:00,6259
2017/1/8 19:00,6505
2017/1/8 20:00,6334
2017/1/8 21:00,6204
2017/1/8 22:00,6812
2017/1/8 23:00,6228
2017/2/13 0:00,5245
2017/2/13 1:00,5320
2017/2/13 2:00,4639
2017/2/13 3:00,4540
2017/2/13 4:00,4565
2017/2/13 5:00,4994
2017/2/13 6:00,5613
2017/2/13 7:00,6040
2017/2/13 8:00,4323
2017/2/13 9:00,3276
2017/2/13 10:00,3562
2017/2/13 11:00,3379
2017/2/13 12:00,4085
2017/2/13 13:00,4028
2017/2/13 14:00,2994
2017/2/13 15:00,3554
2017/2/13 16:00,4503
2017/2/13 17:00,6686
2017/2/13 18:00,8627
2017/2/13 19:00,8742
2017/2/13 20:00,8258
2017/2/13 21:00,7962
2017/2/13 22:00,7574
2017/2/13 23:00,6990
2017/2/14 0:00,5466
2017/2/14 1:00,4923
2017/2/14 2:00,4609
2017/2/14 3:00,4557
2017/2/14 4:00,4632
2017/2/14 5:00,4461
2017/2/14 6:00,5437
2017/2/14 7:00,6185
2017/2/14 8:00,4796
2017/2/14 9:00,3898
2017/2/14 10:00,3447
2017/2/14 11:00,3456
2017/2/14 12:00,3661
2017/2/14 13:00,3736
2017/2/14 14:00,3096
2017/2/14 15:00,3418
2017/2/14 16:00,3967
2017/2/14 17:00,5561
2017/2/14 18:00,7435
2017/2/14 19:00,7978
2017/2/14 20:00,7469
2017/2/14 21:00,8496
2017/2/14 22:00,7981
2017/2/14 23:00,6680
2017/2/15 0:00,5885
2017/2/15 1:00,5688
2017/2/15 2:00,5364
2017/2/15 3:00,5118
2017/2/15 4:00,4567
2017/2/15 5:00,4768
2017/2/15 6:00,5662
2017/2/15 7:00,6420
2017/2/15 8:00,4392
2017/2/15 9:00,3431
2017/2/15 10:00,3414
2017/2/15 11:00,3405
2017/2/15 12:00,3058
2017/2/15 13:00,2982
2017/2/15 14:00,2853
2017/2/15 15:00,3091
2017/2/15 16:00,3964
2017/2/15 17:00,6184
2017/2/15 18:00,8404
2017/2/15 19:00,8651
2017/2/15 20:00,8093
2017/2/15 21:00,7089
2017/2/15 22:00,6846
2017/2/15 23:00,6546
2017/2/16 0:00,6184
2017/2/16 1:00,5489
2017/2/16 2:00,4661
2017/2/16 3:00,4813
2017/2/16 4:00,4606
2017/2/16 5:00,4679
2017/2/16 6:00,5800
2017/2/16 7:00,6159
2017/2/16 8:00,4697
2017/2/16 9:00,3833
2017/2/16 10:00,3374
2017/2/16 11:00,4194
2017/2/16 12:00,4757
2017/2/16 13:00,4170
2017/2/16 14:00,3580
2017/2/16 15:00,3980
2017/2/16 16:00,4895
2017/2/16 17:00,7410
2017/2/16 18:00,9152
2017/2/16 19:00,8966
2017/2/16 20:00,8803
2017/2/16 21:00,7946
2017/2/16 22:00,7908
2017/2/16 23:00,6486
2017/2/17 0:00,5948
2017/2/17 1:00,5113
2017/2/17 2:00,5013
2017/2/17 3:00,5251
2017/2/17 4:00,4713
2017/2/17 5:00,4695
2017/2/17 6:00,5372
2017/2/17 7:00,5730
2017/2/17 8:00,4374
2017/2/17 9:00,3192
2017/2/17 10:00,3249
2017/2/17 11:00,3239
2017/2/17 12:00,2885
2017/2/17 13:00,2896
2017/2/17 14:00,3645
2017/2/17 15:00,3256
2017/2/17 16:00,4319
2017/2/17 17:00,6057
2017/2/17 18:00,7665
2017/2/17 19:00,8002
2017/2/17 20:00,7537
2017/2/17 21:00,8094
2017/2/17 22:00,7980
2017/2/17 23:00,6685
2017/2/18 0:00,5923
2017/2/18 1:00,5279
2017/2/18 2:00,4456
2017/2/18 3:00,4307
2017/2/18 4:00,3993
2017/2/18 5:00,4048
2017/2/18 6:00,4437
2017/2/18 7:00,5185
2017/2/18 8:00,5182
2017/2/18 9:00,4469
2017/2/18 10:00,4872
2017/2/18 11:00,4799
2017/2/18 12:00,4646
2017/2/18 13:00,5040
2017/2/18 14:00,4571
2017/2/18 15:00,4945
2017/2/18 16:00,5708
2017/2/18 17:00,6560
2017/2/18 18:00,6866
2017/2/18 19:00,6973
2017/2/18 20:00,7402
2017/2/18 21:00,7346
2017/2/18 22:00,7006
2017/2/18 23:00,6670
2017/2/19 0:00,5709
2017/2/19 1:00,5408
2017/2/19 2:00,5340
2017/2/19 3:00,4928
2017/2/19 4:00,4651
2017/2/19 5:00,5031
2017/2/19 6:00,5196
2017/2/19 7:00,5430
2017/2/19 8:00,5684
2017/2/19 9:00,5804
2017/2/19 10:00,5518
2017/2/19 11:00,5555
2017/2/19 12:00,5796
2017/2/19 13:00,4867
2017/2/19 14:00,4567
2017/2/19 15:00,4900
2017/2/19 16:00,6049
2017/2/19 17:00,7059
2017/2/19 18:00,8349
2017/2/19 19:00,7986
2017/2/19 20:00,8706
2017/2/19 21:00,7761
2017/2/19 22:00,6756
2017/2/19 23:00,5853
2017/2/20 0:00,5739
2017/2/20 1:00,5249
2017/2/20 2:00,4934
2017/2/20 3:00,4527
2017/2/20 4:00,4316
2017/2/20 5:00,4407
2017/2/20 6:00,4837
2017/2/20 7:00,5223
2017/2/20 8:00,4035
2017/2/20 9:00,3116
2017/2/20 10:00,3044
2017/2/20 11:00,3804
2017/2/20 12:00,3713
2017/2/20 13:00,3037
2017/2/20 14:00,2722
2017/2/20 15:00,3477
2017/2/20 16:00,4080
2017/2/20 17:00,6202
2017/2/20 18:00,8260
2017/2/20 19:00,7892
2017/2/20 20:00,7029
2017/2/20 21:00,6991
2017/2/20 22:00,6496
2017/2/20 23:00,5819
2017/2/21 0:00,5190
2017/2/21 1:00,4766
2017/2/21 2:00,4438
2017/2/21 3:00,4609
2017/2/21 4:00,4119
2017/2/21 5:00,4275
2017/2/21 6:00,5131
2017/2/21 7:00,5323
2017/2/21 8:00,4354
2017/2/21 9:00,3991
2017/2/21 10:00,3519
2017/2/21 11:00,3578
2017/2/21 12:00,3671
2017/2/21 13:00,3331
2017/2/21 14:00,2541
2017/2/21 15:00,3394
2017/2/21 16:00,4153
2017/2/21 17:00,5905
2017/2/21 18:00,7760
2017/2/21 19:00,7817
2017/2/21 20:00,6996
2017/2/21 21:00,6771
2017/2/21 22:00,7042
2017/2/21 23:00,7117
2017/2/22 0:00,5920
2017/2/22 1:00,5177
2017/2/22 2:00,4868
2017/2/22 3:00,4525
2017/2/22 4:00,4741
2017/2/22 5:00,4542
2017/2/22 6:00,5579
2017/2/22 7:00,5490
2017/2/22 8:00,4381
2017/2/22 9:00,3182
2017/2/22 10:00,3183
2017/2/22 11:00,3413
2017/2/22 12:00,3377
2017/2/22 13:00,3050
2017/2/22 14:00,3185
2017/2/22 15:00,3785
2017/2/22 16:00,3989
2017/2/22 17:00,6174
2017/2/22 18:00,7575
2017/2/22 19:00,8040
2017/2/22 20:00,7951
2017/2/22 21:00,8430
2017/2/22 22:00,7383
2017/2/22 23:00,6566
2017/2/23 0:00,6160
2017/2/23 1:00,6161
2017/2/23 2:00,5554
2017/2/23 3:00,4992
2017/2/23 4:00,5093
2017/2/23 5:00,4730
2017/2/23 6:00,5229
2017/2/23 7:00,5424
2017/2/23 8:00,4566
2017/2/23 9:00,3638
2017/2/23 10:00,4079
2017/2/23 11:00,3482
2017/2/23 12:00,3373
2017/2/23 13:00,3474
2017/2/23 14:00,3120
2017/2/23 15:00,3321
2017/2/23 16:00,3792
2017/2/23 17:00,5699
2017/2/23 18:00,7786
2017/2/23 19:00,7369
2017/2/23 20:00,7533
2017/2/23 21:00,7419
2017/2/23 22:00,7188
2017/2/23 23:00,6196
2017/2/24 0:00,5135
2017/2/24 1:00,4802
2017/2/24 2:00,4513
2017/2/24 3:00,4383
2017/2/24 4:00,4423
2017/2/24 5:00,4283
2017/2/24 6:00,5358
2017/2/24 7:00,5343
2017/2/24 8:00,4267
2017/2/24 9:00,3234
2017/2/24 10:00,3141
2017/2/24 11:00,3332
2017/2/24 12:00,3466
2017/2/24 13:00,3420
2017/2/24 14:00,2872
2017/2/24 15:00,3262
2017/2/24 16:00,4456
2017/2/24 17:00,6745
2017/2/24 18:00,7971
2017/2/24 19:00,8568
2017/2/24 20:00,7871
2017/2/24 21:00,8598
2017/2/24 22:00,8023
2017/2/24 23:00,7435
2017/2/25 0:00,6171
2017/2/25 1:00,5712
2017/2/25 2:00,5372
2017/2/25 3:00,5199
2017/2/25 4:00,4940
2017/2/25 5:00,4527
2017/2/25 6:00,4854
2017/2/25 7:00,5693
2017/2/25 8:00,5425
2017/2/25 9:00,5732
2017/2/25 10:00,5161
2017/2/25 11:00,5181
2017/2/25 12:00,5296
2017/2/25 13:00,4387
2017/2/25 14:00,4862
2017/2/25 15:00,4633
2017/2/25 16:00,4809
2017/2/25 17:00,5838
2017/2/25 18:00,6633
2017/2/25 19:00,6972
2017/2/25 20:00,8034
2017/2/25 21:00,7744
2017/2/25 22:00,6816
2017/2/25 23:00,5971
2017/2/26 0:00,5610
2017/2/26 1:00,5161
2017/2/26 2:00,5152
2017/2/26 3:00,4833
2017/2/26 4:00,4774
2017/2/26 5:00,4739
2017/2/26 6:00,5146
2017/2/26 7:00,4920
2017/2/26 8:00,5355
2017/2/26 9:00,4850
2017/2/26 10:00,4840
2017/2/26 11:00,5118
2017/2/26 12:00,5841
2017/2/26 13:00,5886
2017/2/26 14:00,6011
2017/2/26 15:00,5554
2017/2/26 16:00,6495
2017/2/26 17:00,6749
2017/2/26 18:00,6912
2017/2/26 19:00,7175
2017/2/26 20:00,7526
2017/2/26 21:00,6997
2017/2/26 22:00,7303
2017/2/26 23:00,6668
2017/2/27 0:00,5828
2017/2/27 1:00,5064
2017/2/27 2:00,4970
2017/2/27 3:00,4798
2017/2/27 4:00,4492
2017/2/27 5:00,4450
2017/2/27 6:00,5422
2017/2/27 7:00,5231
2017/2/27 8:00,3985
2017/2/27 9:00,2950
2017/2/27 10:00,2862
2017/2/27 11:00,2900
2017/2/27 12:00,3329
2017/2/27 13:00,3113
2017/2/27 14:00,2661
2017/2/27 15:00,2557
2017/2/27 16:00,4199
2017/2/27 17:00,5452
2017/2/27 18:00,8031
2017/2/27 19:00,8330
2017/2/27 20:00,7839
2017/2/27 21:00,7762
2017/2/27 22:00,7477
2017/2/27 23:00,6580
2017/2/28 0:00,5575
2017/2/28 1:00,5321
2017/2/28 2:00,4770
2017/2/28 3:00,4846
2017/2/28 4:00,4730
2017/2/28 5:00,4571
2017/2/28 6:00,5693
2017/2/28 7:00,5461
2017/2/28 8:00,4333
2017/2/28 9:00,3449
2017/2/28 10:00,2984
2017/2/28 11:00,3314
2017/2/28 12:00,3685
2017/2/28 13:00,3568
2017/2/28 14:00,3692
2017/2/28 15:00,4197
2017/2/28 16:00,4861
2017/2/28 17:00,6870
2017/2/28 18:00,8026
2017/2/28 19:00,9245
2017/2/28 20:00,8344
2017/2/28 21:00,8601
2017/2/28 22:00,8079
2017/2/28 23:00,7072
2017/3/1 0:00,6007
2017/3/1 1:00,5482
2017/3/1 2:00,5442
2017/3/1 3:00,5112
2017/3/1 4:00,5040
2017/3/1 5:00,5266
2017/3/1 6:00,6609
2017/3/1 7:00,5185
2017/3/1 8:00,4162
2017/3/1 9:00,3004
2017/3/1 10:00,3064
2017/3/1 11:00,3409
2017/3/1 12:00,4245
2017/3/1 13:00,3635
2017/3/1 14:00,3463
2017/3/1 15:00,3589
2017/3/1 16:00,4308
2017/3/1 17:00,5440
2017/3/1 18:00,7721
2017/3/1 19:00,7656
2017/3/1 20:00,7228
2017/3/1 21:00,7459
2017/3/1 22:00,6543
2017/3/1 23:00,5708
2017/3/2 0:00,4963
2017/3/2 1:00,4183
2017/3/2 2:00,4401
2017/3/2 3:00,3886
2017/3/2 4:00,3876
2017/3/2 5:00,4062
2017/3/2 6:00,5040
2017/3/2 7:00,5205
2017/3/2 8:00,3942
2017/3/2 9:00,3535
2017/3/2 10:00,3390
2017/3/2 11:00,3497
2017/3/2 12:00,3743
2017/3/2 13:00,3269
2017/3/2 14:00,3235
2017/3/2 15:00,3124
2017/3/2 16:00,3634
2017/3/2 17:00,5560
2017/3/2 18:00,7708
2017/3/2 19:00,7860
2017/3/2 20:00,7982
2017/3/2 21:00,7176
2017/3/2 22:00,7297
2017/3/2 23:00,6370
2017/3/3 0:00,5744
2017/3/3 1:00,5316
2017/3/3 2:00,4869
2017/3/3 3:00,4925
2017/3/3 4:00,4635
2017/3/3 5:00,4779
2017/3/3 6:00,6000
2017/3/3 7:00,5977
2017/3/3 8:00,4404
2017/3/3 9:00,3098
2017/3/3 10:00,3004
2017/3/3 11:00,3524
2017/3/3 12:00,3780
2017/3/3 13:00,3539
2017/3/3 14:00,2891
2017/3/3 15:00,3112
2017/3/3 16:00,4708
2017/3/3 17:00,6570
2017/3/3 18:00,8328
2017/3/3 19:00,8461
2017/3/3 20:00,7268
2017/3/3 21:00,7727
2017/3/3 22:00,7631
2017/3/3 23:00,7235
2017/3/4 0:00,6144
2017/3/4 1:00,5521
2017/3/4 2:00,5372
2017/3/4 3:00,5501
2017/3/4 4:00,5285
2017/3/4 5:00,5216
2017/3/4 6:00,5312
2017/3/4 7:00,5316
2017/3/4 8:00,4623
2017/3/4 9:00,4477
2017/3/4 10:00,5050
2017/3/4 11:00,4793
2017/3/4 12:00,4815
2017/3/4 13:00,4603
2017/3/4 14:00,4211
2017/3/4 15:00,4580
2017/3/4 16:00,5727
2017/3/4 17:00,6803
2017/3/4 18:00,7152
2017/3/4 19:00,7103
2017/3/4 20:00,7484
2017/3/4 21:00,8265
2017/3/4 22:00,7213
2017/3/4 23:00,6131
2017/3/5 0:00,5206
2017/3/5 1:00,4934
2017/3/5 2:00,4426
2017/3/5 3:00,4160
2017/3/5 4:00,3993
2017/3/5 5:00,4465
2017/3/5 6:00,4485
2017/3/5 7:00,5268
2017/3/5 8:00,5255
2017/3/5 9:00,5128
2017/3/5 10:00,5148
2017/3/5 11:00,5520
2017/3/5 12:00,5410
2017/3/5 13:00,4905
2017/3/5 14:00,4648
2017/3/5 15:00,5375
2017/3/5 16:00,5603
2017/3/5 17:00,7331
2017/3/5 18:00,7877
2017/3/5 19:00,7479
2017/3/5 20:00,7790
2017/3/5 21:00,7489
2017/3/5 22:00,6647
2017/3/5 23:00,5273
2017/3/6 0:00,5401
2017/3/6 1:00,5019
2017/3/6 2:00,4951
2017/3/6 3:00,4709
2017/3/6 4:00,4569
2017/3/6 5:00,4427
2017/3/6 6:00,5487
2017/3/6 7:00,5227
2017/3/6 8:00,3458
2017/3/6 9:00,2484
2017/3/6 10:00,2760
2017/3/6 11:00,3683
2017/3/6 12:00,3860
2017/3/6 13:00,3272
2017/3/6 14:00,2939
2017/3/6 15:00,3018
2017/3/6 16:00,3713
2017/3/6 17:00,6219
2017/3/6 18:00,7566
2017/3/6 19:00,7813
2017/3/6 20:00,7736
2017/3/6 21:00,7274
2017/3/6 22:00,6516
2017/3/6 23:00,5802
2017/3/7 0:00,5409
2017/3/7 1:00,4850
2017/3/7 2:00,4810
2017/3/7 3:00,4918
2017/3/7 4:00,4767
2017/3/7 5:00,4535
2017/3/7 6:00,5393
2017/3/7 7:00,5459
2017/3/7 8:00,3638
2017/3/7 9:00,3017
2017/3/7 10:00,2817
2017/3/7 11:00,3229
2017/3/7 12:00,3396
2017/3/7 13:00,3100
2017/3/7 14:00,2881
2017/3/7 15:00,2992
2017/3/7 16:00,3638
2017/3/7 17:00,5944
2017/3/7 18:00,8495
2017/3/7 19:00,8359
2017/3/7 20:00,7690
2017/3/7 21:00,7439
2017/3/7 22:00,7530
2017/3/7 23:00,6271
2017/3/8 0:00,5559
2017/3/8 1:00,5017
2017/3/8 2:00,4699
2017/3/8 3:00,4696
2017/3/8 4:00,4715
2017/3/8 5:00,4820
2017/3/8 6:00,5499
2017/3/8 7:00,5887
2017/3/8 8:00,4080
2017/3/8 9:00,4142
2017/3/8 10:00,3869
2017/3/8 11:00,3514
2017/3/8 12:00,3679
2017/3/8 13:00,3391
2017/3/8 14:00,3431
2017/3/8 15:00,3751
2017/3/8 16:00,4305
2017/3/8 17:00,6145
2017/3/8 18:00,7720
2017/3/8 19:00,8535
2017/3/8 20:00,8292
2017/3/8 21:00,6758
2017/3/8 22:00,7217
2017/3/8 23:00,6466
2017/3/9 0:00,5471
2017/3/9 1:00,5478
2017/3/9 2:00,5229
2017/3/9 3:00,4920
2017/3/9 4:00,4918
2017/3/9 5:00,4625
2017/3/9 6:00,5672
2017/3/9 7:00,5787
2017/3/9 8:00,4390
2017/3/9 9:00,3218
2017/3/9 10:00,3293
2017/3/9 11:00,3698
2017/3/9 12:00,3526
2017/3/9 13:00,3473
2017/3/9 14:00,3237
2017/3/9 15:00,3274
2017/3/9 16:00,3525
2017/3/9 17:00,6810
2017/3/9 18:00,8161
2017/3/9 19:00,7933
2017/3/9 20:00,8505
2017/3/9 21:00,7519
2017/3/9 22:00,7137
2017/3/9 23:00,5403
2017/3/10 0:00,5089
2017/3/10 1:00,5207
2017/3/10 2:00,4779
2017/3/10 3:00,4748
2017/3/10 4:00,4602
2017/3/10 5:00,5214
2017/3/10 6:00,6054
2017/3/10 7:00,5746
2017/3/10 8:00,4834
2017/3/10 9:00,3014
2017/3/10 10:00,3314
2017/3/10 11:00,3301
2017/3/10 12:00,3180
2017/3/10 13:00,2890
2017/3/10 14:00,2683
2017/3/10 15:00,3165
2017/3/10 16:00,4021
2017/3/10 17:00,6068
2017/3/10 18:00,8192
2017/3/10 19:00,8592
2017/3/10 20:00,7598
2017/3/10 21:00,8511
2017/3/10 22:00,7305
2017/3/10 23:00,6723
2017/3/11 0:00,5604
2017/3/11 1:00,5680
2017/3/11 2:00,5326
2017/3/11 3:00,5261
2017/3/11 4:00,5146
2017/3/11 5:00,4993
2017/3/11 6:00,5996
2017/3/11 7:00,6752
2017/3/11 8:00,5692
2017/3/11 9:00,5403
2017/3/11 10:00,5188
2017/3/11 11:00,5064
2017/3/11 12:00,5497
2017/3/11 13:00,5722
2017/3/11 14:00,4776
2017/3/11 15:00,4749
2017/3/11 16:00,5189
2017/3/11 17:00,6418
2017/3/11 18:00,6876
2017/3/11 19:00,7890
2017/3/11 20:00,7485
2017/3/11 21:00,7718
2017/3/11 22:00,7699
2017/3/11 23:00,7119
2017/3/12 0:00,5637
2017/3/12 1:00,5070
2017/3/12 2:00,5009
2017/3/12 3:00,5256
2017/3/12 4:00,4972
2017/3/12 5:00,5090
2017/3/12 6:00,5956
2017/3/12 7:00,5708
2017/3/12 8:00,5664
2017/3/12 9:00,6125
2017/3/12 10:00,6016
2017/3/12 11:00,5867
2017/3/12 12:00,5625
2017/3/12 13:00,5880
2017/3/12 14:00,5661
2017/3/12 15:00,5023
2017/3/12 16:00,5490
2017/3/12 17:00,6065
2017/3/12 18:00,7142
2017/3/12 19:00,7565
2017/3/12 20:00,7225
2017/3/12 21:00,7387
2017/3/12 22:00,7240
2017/3/12 23:00,5637
2017/4/10 0:00,5770
2017/4/10 1:00,5288
2017/4/10 2:00,4889
2017/4/10 3:00,4726
2017/4/10 4:00,4304
2017/4/10 5:00,4597
2017/4/10 6:00,4965
2017/4/10 7:00,4996
2017/4/10 8:00,3588
2017/4/10 9:00,3310
2017/4/10 10:00,3443
2017/4/10 11:00,3136
2017/4/10 12:00,3831
2017/4/10 13:00,3649
2017/4/10 14:00,2916
2017/4/10 15:00,2733
2017/4/10 16:00,3223
2017/4/10 17:00,5233
2017/4/10 18:00,7191
2017/4/10 19:00,8453
2017/4/10 20:00,8006
2017/4/10 21:00,8142
2017/4/10 22:00,7997
2017/4/10 23:00,6774
2017/4/11 0:00,5508
2017/4/11 1:00,5086
2017/4/11 2:00,4819
2017/4/11 3:00,4931
2017/4/11 4:00,5049
2017/4/11 5:00,5036
2017/4/11 6:00,5346
2017/4/11 7:00,5235
2017/4/11 8:00,3577
2017/4/11 9:00,2656
2017/4/11 10:00,2284
2017/4/11 11:00,2929
2017/4/11 12:00,2789
2017/4/11 13:00,2430
2017/4/11 14:00,2207
2017/4/11 15:00,2551
2017/4/11 16:00,3335
2017/4/11 17:00,5762
2017/4/11 18:00,6856
2017/4/11 19:00,7024
2017/4/11 20:00,6979
2017/4/11 21:00,6918
2017/4/11 22:00,6603
2017/4/11 23:00,6385
2017/4/12 0:00,5738
2017/4/12 1:00,5183
2017/4/12 2:00,5030
2017/4/12 3:00,5063
2017/4/12 4:00,4972
2017/4/12 5:00,5129
2017/4/12 6:00,5685
2017/4/12 7:00,4966
2017/4/12 8:00,3650
2017/4/12 9:00,2999
2017/4/12 10:00,2892
2017/4/12 11:00,2674
2017/4/12 12:00,3397
2017/4/12 13:00,2737
2017/4/12 14:00,2274
2017/4/12 15:00,3012
2017/4/12 16:00,3486
2017/4/12 17:00,5244
2017/4/12 18:00,7644
2017/4/12 19:00,8407
2017/4/12 20:00,8809
2017/4/12 21:00,8072
2017/4/12 22:00,7317
2017/4/12 23:00,7172
2017/4/13 0:00,6575
2017/4/13 1:00,5617
2017/4/13 2:00,4782
2017/4/13 3:00,4520
2017/4/13 4:00,4584
2017/4/13 5:00,5110
2017/4/13 6:00,5803
2017/4/13 7:00,5484
2017/4/13 8:00,3470
2017/4/13 9:00,2401
2017/4/13 10:00,2464
2017/4/13 11:00,3309
2017/4/13 12:00,3611
2017/4/13 13:00,2799
2017/4/13 14:00,2633
2017/4/13 15:00,2676
2017/4/13 16:00,3018
2017/4/13 17:00,5351
2017/4/13 18:00,6789
2017/4/13 19:00,7551
2017/4/13 20:00,7640
2017/4/13 21:00,7428
2017/4/13 22:00,6112
2017/4/13 23:00,6168
2017/4/14 0:00,5776
2017/4/14 1:00,5142
2017/4/14 2:00,4930
2017/4/14 3:00,4632
2017/4/14 4:00,4726
2017/4/14 5:00,5119
2017/4/14 6:00,5545
2017/4/14 7:00,5281
2017/4/14 8:00,3728
2017/4/14 9:00,2783
2017/4/14 10:00,3370
2017/4/14 11:00,2961
2017/4/14 12:00,3347
2017/4/14 13:00,2883
2017/4/14 14:00,3018
2017/4/14 15:00,3410
2017/4/14 16:00,4179
2017/4/14 17:00,5796
2017/4/14 18:00,7229
2017/4/14 19:00,7506
2017/4/14 20:00,7265
2017/4/14 21:00,8102
2017/4/14 22:00,7909
2017/4/14 23:00,7501
2017/4/15 0:00,6348
2017/4/15 1:00,5572
2017/4/15 2:00,4688
2017/4/15 3:00,4482
2017/4/15 4:00,4255
2017/4/15 5:00,4501
2017/4/15 6:00,5484
2017/4/15 7:00,5444
2017/4/15 8:00,4897
2017/4/15 9:00,4775
2017/4/15 10:00,5778
2017/4/15 11:00,5741
2017/4/15 12:00,6186
2017/4/15 13:00,6392
2017/4/15 14:00,4725
2017/4/15 15:00,4728
2017/4/15 16:00,4892
2017/4/15 17:00,5957
2017/4/15 18:00,7600
2017/4/15 19:00,7925
2017/4/15 20:00,7231
2017/4/15 21:00,7024
2017/4/15 22:00,6980
2017/4/15 23:00,5680
2017/4/16 0:00,5502
2017/4/16 1:00,5016
2017/4/16 2:00,4714
2017/4/16 3:00,4310
2017/4/16 4:00,4326
2017/4/16 5:00,4390
2017/4/16 6:00,4568
2017/4/16 7:00,5319
2017/4/16 8:00,5299
2017/4/16 9:00,5595
2017/4/16 10:00,6209
2017/4/16 11:00,6042
2017/4/16 12:00,5855
2017/4/16 13:00,5729
2017/4/16 14:00,5540
2017/4/16 15:00,5274
2017/4/16 16:00,5438
2017/4/16 17:00,6795
2017/4/16 18:00,7473
2017/4/16 19:00,7112
2017/4/16 20:00,6665
2017/4/16 21:00,6686
2017/4/16 22:00,6537
2017/4/16 23:00,6150
2017/4/17 0:00,5323
2017/4/17 1:00,4688
2017/4/17 2:00,4341
2017/4/17 3:00,3960
2017/4/17 4:00,4016
2017/4/17 5:00,4471
2017/4/17 6:00,5400
2017/4/17 7:00,5454
2017/4/17 8:00,4456
2017/4/17 9:00,3551
2017/4/17 10:00,3396
2017/4/17 11:00,3290
2017/4/17 12:00,3581
2017/4/17 13:00,3482
2017/4/17 14:00,2909
2017/4/17 15:00,3353
2017/4/17 16:00,3859
2017/4/17 17:00,6393
2017/4/17 18:00,7822
2017/4/17 19:00,8558
2017/4/17 20:00,8093
2017/4/17 21:00,8165
2017/4/17 22:00,7629
2017/4/17 23:00,7240
2017/4/18 0:00,5776
2017/4/18 1:00,5494
2017/4/18 2:00,4672
2017/4/18 3:00,4340
2017/4/18 4:00,3980
2017/4/18 5:00,4382
2017/4/18 6:00,5727
2017/4/18 7:00,5504
2017/4/18 8:00,3782
2017/4/18 9:00,2880
2017/4/18 10:00,3014
2017/4/18 11:00,3021
2017/4/18 12:00,3754
2017/4/18 13:00,3205
2017/4/18 14:00,3296
2017/4/18 15:00,3008
2017/4/18 16:00,3485
2017/4/18 17:00,6310
2017/4/18 18:00,7931
2017/4/18 19:00,7574
2017/4/18 20:00,7241
2017/4/18 21:00,7665
2017/4/18 22:00,7092
2017/4/18 23:00,5826
2017/4/19 0:00,4880
2017/4/19 1:00,4916
2017/4/19 2:00,5091
2017/4/19 3:00,4472
2017/4/19 4:00,4407
2017/4/19 5:00,4802
2017/4/19 6:00,5484
2017/4/19 7:00,4938
2017/4/19 8:00,4126
2017/4/19 9:00,3035
2017/4/19 10:00,2964
2017/4/19 11:00,2921
2017/4/19 12:00,3153
2017/4/19 13:00,3252
2017/4/19 14:00,2731
2017/4/19 15:00,2791
2017/4/19 16:00,3284
2017/4/19 17:00,5805
2017/4/19 18:00,7108
2017/4/19 19:00,7262
2017/4/19 20:00,7159
2017/4/19 21:00,7786
2017/4/19 22:00,8094
2017/4/19 23:00,6709
2017/4/20 0:00,5857
2017/4/20 1:00,5047
2017/4/20 2:00,4471
2017/4/20 3:00,4203
2017/4/20 4:00,4327
2017/4/20 5:00,4719
2017/4/20 6:00,5291
2017/4/20 7:00,4740
2017/4/20 8:00,4508
2017/4/20 9:00,3363
2017/4/20 10:00,3177
2017/4/20 11:00,3866
2017/4/20 12:00,3976
2017/4/20 13:00,3240
2017/4/20 14:00,2592
2017/4/20 15:00,2853
2017/4/20 16:00,3301
2017/4/20 17:00,6013
2017/4/20 18:00,6735
2017/4/20 19:00,7386
2017/4/20 20:00,7046
2017/4/20 21:00,7504
2017/4/20 22:00,7366
2017/4/20 23:00,6695
2017/4/21 0:00,6119
2017/4/21 1:00,5505
2017/4/21 2:00,5302
2017/4/21 3:00,4778
2017/4/21 4:00,4439
2017/4/21 5:00,4705
2017/4/21 6:00,5076
2017/4/21 7:00,4882
2017/4/21 8:00,3274
2017/4/21 9:00,2923
2017/4/21 10:00,2625
2017/4/21 11:00,2807
2017/4/21 12:00,3441
2017/4/21 13:00,2761
2017/4/21 14:00,2460
2017/4/21 15:00,2656
2017/4/21 16:00,3553
2017/4/21 17:00,5338
2017/4/21 18:00,6747
2017/4/21 19:00,6718
2017/4/21 20:00,6656
2017/4/21 21:00,7415
2017/4/21 22:00,7683
2017/4/21 23:00,7169
2017/4/22 0:00,6044
2017/4/22 1:00,5738
2017/4/22 2:00,5351
2017/4/22 3:00,4725
2017/4/22 4:00,4436
2017/4/22 5:00,5023
2017/4/22 6:00,5992
2017/4/22 7:00,5632
2017/4/22 8:00,5096
2017/4/22 9:00,4835
2017/4/22 10:00,5008
2017/4/22 11:00,4701
2017/4/22 12:00,4715
2017/4/22 13:00,4535
2017/4/22 14:00,4143
2017/4/22 15:00,4357
2017/4/22 16:00,4677
2017/4/22 17:00,5833
2017/4/22 18:00,5618
2017/4/22 19:00,5867
2017/4/22 20:00,5801
2017/4/22 21:00,7085
2017/4/22 22:00,6927
2017/4/22 23:00,5906
2017/4/23 0:00,5525
2017/4/23 1:00,4569
2017/4/23 2:00,4261
2017/4/23 3:00,4349
2017/4/23 4:00,4342
2017/4/23 5:00,4471
2017/4/23 6:00,4900
2017/4/23 7:00,5584
2017/4/23 8:00,5220
2017/4/23 9:00,4886
2017/4/23 10:00,5072
2017/4/23 11:00,5449
2017/4/23 12:00,5305
2017/4/23 13:00,5176
2017/4/23 14:00,4176
2017/4/23 15:00,4654
2017/4/23 16:00,4635
2017/4/23 17:00,6186
2017/4/23 18:00,7025
2017/4/23 19:00,7823
2017/4/23 20:00,8965
2017/4/23 21:00,8319
2017/4/23 22:00,7549
2017/4/23 23:00,6603
2017/4/24 0:00,5946
2017/4/24 1:00,5208
2017/4/24 2:00,4728
2017/4/24 3:00,4597
2017/4/24 4:00,4325
2017/4/24 5:00,4537
2017/4/24 6:00,5548
2017/4/24 7:00,5149
2017/4/24 8:00,3773
2017/4/24 9:00,2797
2017/4/24 10:00,2789
2017/4/24 11:00,3538
2017/4/24 12:00,4399
2017/4/24 13:00,3600
2017/4/24 14:00,2301
2017/4/24 15:00,2581
2017/4/24 16:00,3564
2017/4/24 17:00,6717
2017/4/24 18:00,8157
2017/4/24 19:00,9118
2017/4/24 20:00,10125
2017/4/24 21:00,8426
2017/4/24 22:00,7158
2017/4/24 23:00,6081
2017/4/25 0:00,5099
2017/4/25 1:00,4563
2017/4/25 2:00,4350
2017/4/25 3:00,3995
2017/4/25 4:00,3996
2017/4/25 5:00,4485
2017/4/25 6:00,5170
2017/4/25 7:00,5155
2017/4/25 8:00,3854
2017/4/25 9:00,2713
2017/4/25 10:00,2921
2017/4/25 11:00,3647
2017/4/25 12:00,3185
2017/4/25 13:00,2492
2017/4/25 14:00,2163
2017/4/25 15:00,2626
2017/4/25 16:00,3783
2017/4/25 17:00,6649
2017/4/25 18:00,7341
2017/4/25 19:00,6989
2017/4/25 20:00,6524
2017/4/25 21:00,7626
2017/4/25 22:00,7276
2017/4/25 23:00,6477
2017/4/26 0:00,5432
2017/4/26 1:00,5090
2017/4/26 2:00,4603
2017/4/26 3:00,4103
2017/4/26 4:00,4325
2017/4/26 5:00,4575
2017/4/26 6:00,5292
2017/4/26 7:00,5248
2017/4/26 8:00,3295
2017/4/26 9:00,2425
2017/4/26 10:00,2687
2017/4/26 11:00,3572
2017/4/26 12:00,3628
2017/4/26 13:00,3478
2017/4/26 14:00,2870
2017/4/26 15:00,3116
2017/4/26 16:00,3500
2017/4/26 17:00,5835
2017/4/26 18:00,7336
2017/4/26 19:00,7157
2017/4/26 20:00,7019
2017/4/26 21:00,7419
2017/4/26 22:00,6905
2017/4/26 23:00,5959
2017/4/27 0:00,5054
2017/4/27 1:00,4712
2017/4/27 2:00,4456
2017/4/27 3:00,4343
2017/4/27 4:00,4177
2017/4/27 5:00,4492
2017/4/27 6:00,5342
2017/4/27 7:00,5586
2017/4/27 8:00,3511
2017/4/27 9:00,2689
2017/4/27 10:00,2263
2017/4/27 11:00,2795
2017/4/27 12:00,2836
2017/4/27 13:00,2413
2017/4/27 14:00,2503
2017/4/27 15:00,2742
2017/4/27 16:00,3162
2017/4/27 17:00,5913
2017/4/27 18:00,7962
2017/4/27 19:00,7590
2017/4/27 20:00,7286
2017/4/27 21:00,7578
2017/4/27 22:00,7214
2017/4/27 23:00,7106
2017/4/28 0:00,5423
2017/4/28 1:00,4933
2017/4/28 2:00,4653
2017/4/28 3:00,4443
2017/4/28 4:00,4276
2017/4/28 5:00,4751
2017/4/28 6:00,5230
2017/4/28 7:00,5074
2017/4/28 8:00,3650
2017/4/28 9:00,2638
2017/4/28 10:00,2425
2017/4/28 11:00,3123
2017/4/28 12:00,2942
2017/4/28 13:00,2669
2017/4/28 14:00,2652
2017/4/28 15:00,2984
2017/4/28 16:00,3988
2017/4/28 17:00,6058
2017/4/28 18:00,6613
2017/4/28 19:00,6650
2017/4/28 20:00,7599
2017/4/28 21:00,7676
2017/4/28 22:00,7919
2017/4/28 23:00,6644
2017/4/29 0:00,6080
2017/4/29 1:00,5557
2017/4/29 2:00,5057
2017/4/29 3:00,4795
2017/4/29 4:00,4882
2017/4/29 5:00,4675
2017/4/29 6:00,5186
2017/4/29 7:00,5647
2017/4/29 8:00,4814
2017/4/29 9:00,4689
2017/4/29 10:00,4616
2017/4/29 11:00,4467
2017/4/29 12:00,5118
2017/4/29 13:00,4603
2017/4/29 14:00,4756
2017/4/29 15:00,4320
2017/4/29 16:00,4983
2017/4/29 17:00,5178
2017/4/29 18:00,4736
2017/4/29 19:00,6060
2017/4/29 20:00,6792
2017/4/29 21:00,6881
2017/4/29 22:00,6281
2017/4/29 23:00,6297
2017/4/30 0:00,5199
2017/4/30 1:00,5073
2017/4/30 2:00,4720
2017/4/30 3:00,4322
2017/4/30 4:00,4090
2017/4/30 5:00,4400
2017/4/30 6:00,4748
2017/4/30 7:00,4671
2017/4/30 8:00,5096
2017/4/30 9:00,5238
2017/4/30 10:00,4991
2017/4/30 11:00,4588
2017/4/30 12:00,4349
2017/4/30 13:00,4456
2017/4/30 14:00,3852
2017/4/30 15:00,4326
2017/4/30 16:00,4797
2017/4/30 17:00,5264
2017/4/30 18:00,5237
2017/4/30 19:00,6419
2017/4/30 20:00,6667
2017/4/30 21:00,7271
2017/4/30 22:00,6232
2017/4/30 23:00,5659
2017/5/1 0:00,5140
2017/5/1 1:00,4940
2017/5/1 2:00,4347
2017/5/1 3:00,4243
2017/5/1 4:00,4634
2017/5/1 5:00,4796
2017/5/1 6:00,5192
2017/5/1 7:00,5526
2017/5/1 8:00,5776
2017/5/1 9:00,5857
2017/5/1 10:00,5783
2017/5/1 11:00,4490
2017/5/1 12:00,4898
2017/5/1 13:00,4758
2017/5/1 14:00,4054
2017/5/1 15:00,4797
2017/5/1 16:00,5216
2017/5/1 17:00,5677
2017/5/1 18:00,6152
2017/5/1 19:00,6170
2017/5/1 20:00,6391
2017/5/1 21:00,6614
2017/5/1 22:00,6322
2017/5/1 23:00,6018
2017/5/2 0:00,5499
2017/5/2 1:00,5143
2017/5/2 2:00,4388
2017/5/2 3:00,4145
2017/5/2 4:00,3670
2017/5/2 5:00,3930
2017/5/2 6:00,5021
2017/5/2 7:00,5015
2017/5/2 8:00,3861
2017/5/2 9:00,2849
2017/5/2 10:00,3021
2017/5/2 11:00,2988
2017/5/2 12:00,2776
2017/5/2 13:00,2586
2017/5/2 14:00,2319
2017/5/2 15:00,2286
2017/5/2 16:00,2946
2017/5/2 17:00,5184
2017/5/2 18:00,6867
2017/5/2 19:00,8095
2017/5/2 20:00,6964
2017/5/2 21:00,7371
2017/5/2 22:00,6519
2017/5/2 23:00,5736
2017/5/3 0:00,5382
2017/5/3 1:00,5057
2017/5/3 2:00,4628
2017/5/3 3:00,4425
2017/5/3 4:00,3989
2017/5/3 5:00,4197
2017/5/3 6:00,4309
2017/5/3 7:00,4953
2017/5/3 8:00,3553
2017/5/3 9:00,2978
2017/5/3 10:00,2689
2017/5/3 11:00,3431
2017/5/3 12:00,3004
2017/5/3 13:00,2337
2017/5/3 14:00,2095
2017/5/3 15:00,2192
2017/5/3 16:00,2852
2017/5/3 17:00,4673
2017/5/3 18:00,6480
2017/5/3 19:00,7047
2017/5/3 20:00,6814
2017/5/3 21:00,7071
2017/5/3 22:00,5945
2017/5/3 23:00,5521
2017/5/4 0:00,4700
2017/5/4 1:00,4021
2017/5/4 2:00,4137
2017/5/4 3:00,4095
2017/5/4 4:00,4075
2017/5/4 5:00,4215
2017/5/4 6:00,5003
2017/5/4 7:00,4433
2017/5/4 8:00,3541
2017/5/4 9:00,2841
2017/5/4 10:00,2335
2017/5/4 11:00,2957
2017/5/4 12:00,2696
2017/5/4 13:00,2065
2017/5/4 14:00,1859
2017/5/4 15:00,2040
2017/5/4 16:00,2510
2017/5/4 17:00,5206
2017/5/4 18:00,6859
2017/5/4 19:00,7671
2017/5/4 20:00,7641
2017/5/4 21:00,6865
2017/5/4 22:00,7215
2017/5/4 23:00,5946
2017/5/5 0:00,4992
2017/5/5 1:00,4383
2017/5/5 2:00,4074
2017/5/5 3:00,3598
2017/5/5 4:00,3421
2017/5/5 5:00,4065
2017/5/5 6:00,4547
2017/5/5 7:00,4862
2017/5/5 8:00,3468
2017/5/5 9:00,2889
2017/5/5 10:00,2276
2017/5/5 11:00,2940
2017/5/5 12:00,2934
2017/5/5 13:00,3108
2017/5/5 14:00,3125
2017/5/5 15:00,3718
2017/5/5 16:00,3478
2017/5/5 17:00,5692
2017/5/5 18:00,6859
2017/5/5 19:00,6934
2017/5/5 20:00,6686
2017/5/5 21:00,7474
2017/5/5 22:00,7294
2017/5/5 23:00,6519
2017/5/6 0:00,5807
2017/5/6 1:00,5139
2017/5/6 2:00,5215
2017/5/6 3:00,4711
2017/5/6 4:00,4624
2017/5/6 5:00,5061
2017/5/6 6:00,5118
2017/5/6 7:00,4811
2017/5/6 8:00,4108
2017/5/6 9:00,4130
2017/5/6 10:00,4039
2017/5/6 11:00,4074
2017/5/6 12:00,3750
2017/5/6 13:00,4161
2017/5/6 14:00,3882
2017/5/6 15:00,4105
2017/5/6 16:00,4487
2017/5/6 17:00,5293
2017/5/6 18:00,5641
2017/5/6 19:00,6457
2017/5/6 20:00,6591
2017/5/6 21:00,6489
2017/5/6 22:00,6546
2017/5/6 23:00,5676
2017/5/7 0:00,4950
2017/5/7 1:00,4752
2017/5/7 2:00,4135
2017/5/7 3:00,3998
2017/5/7 4:00,3639
2017/5/7 5:00,4185
2017/5/7 6:00,4152
2017/5/7 7:00,4973
2017/5/7 8:00,5329
2017/5/7 9:00,5010
2017/5/7 10:00,4861
2017/5/7 11:00,5454
2017/5/7 12:00,4670
2017/5/7 13:00,4219
2017/5/7 14:00,4811
2017/5/7 15:00,4458
2017/5/7 16:00,4454
2017/5/7 17:00,5853
2017/5/7 18:00,7072
2017/5/7 19:00,7673
2017/5/7 20:00,7036
2017/5/7 21:00,7346
2017/5/7 22:00,7501
2017/5/7 23:00,6918
